club_1,club_2,count
Man Utd U18,Manchester United,71
Blackburn Rovers,Blackburn U18,60
Spurs U18,Tottenham Hotspur,59
Man City U18,Manchester City,51
Newcastle U18,Newcastle United,48
Aston Villa,Aston Villa U18,47
Arsenal FC,Arsenal U18,47
Chelsea FC,Vitesse,45
West Ham U18,West Ham United,44
Manchester United,Royal Antwerp,43
Liverpool FC,Liverpool U18,43
Chelsea FC,Chelsea U18,39
Everton FC,Everton U18,38
Boro U18,Middlesbrough FC,38
Leeds U18,Leeds United,33
West Ham United,Without Club,33
Udinese Calcio,Watford FC,32
Chelsea FC,Reading,30
Bolton U18,Bolton Wanderers,30
Swindon Town,Tottenham Hotspur,30
Aston Villa,Stoke City,29
Bournemouth,West Ham United,28
QPR,Tottenham Hotspur,28
Portsmouth,Tottenham Hotspur,27
Everton FC,Sheff Utd,26
Crystal Palace,Without Club,25
Leyton Orient,Tottenham Hotspur,25
Girona,Manchester City,25
Chelsea FC,Middlesbrough,25
Birmingham City,Birmingham U18,24
Southampton,Tottenham Hotspur,24
Liverpool FC,West Ham,23
QPR,West Ham United,22
Fulham FC,Fulham U18,22
Bournemouth,Southampton FC,22
Sunderland AFC,Sunderland U18,22
Liverpool,West Ham United,21
Hull City,Sunderland AFC,21
Portsmouth,West Ham United,21
Aston Villa,Manchester United,21
Norwich,Tottenham Hotspur,21
Charlton Athletic,Charlton U18,21
Manchester United,Preston,21
Tottenham Hotspur,West Ham,21
Fulham,Southampton FC,21
Charlton,Tottenham Hotspur,20
Liverpool FC,Southampton,20
Charlton,West Ham United,20
AC Milan,Chelsea FC,20
Coventry City,Coventry U18,20
Hartlepool,Sunderland AFC,20
Liverpool FC,Sunderland,20
Arsenal FC,West Ham,20
Birmingham,West Bromwich Albion,20
Sunderland AFC,Without Club,20
Liverpool FC,Stoke City,19
Manchester United,Watford,19
Leyton Orient,West Ham United,19
Sheff Utd,Sunderland AFC,19
Sunderland,Tottenham Hotspur,19
Millwall,Tottenham Hotspur,19
Arsenal FC,Birmingham,19
Southampton FC,Southampton U18,19
Darlington,Middlesbrough FC,19
Aston Villa,Nottm Forest,19
Newcastle United,Nottm Forest,18
Fulham,Tottenham Hotspur,18
Everton FC,Man City,18
Manchester City,Sunderland,18
Everton FC,Sunderland,18
Manchester United,Sunderland,18
Tottenham Hotspur,Watford,18
Chelsea FC,Fulham,18
Ipswich,Sunderland AFC,18
Ipswich,West Ham United,17
Chelsea FC,Crystal Palace,17
Fulham FC,Without Club,17
Everton FC,Without Club,17
Blackpool,Everton FC,17
Bournemouth,Portsmouth FC,17
Crewe Alexandra,Liverpool FC,17
Grasshoppers,Wolverhampton Wanderers,17
Aston Villa,Wycombe,17
Chelsea FC,QPR,17
Birmingham,West Ham United,17
Everton FC,Man Utd,17
Everton,Manchester United,17
Chelsea FC,Retired,17
Manchester United,Wigan,16
Bolton,Liverpool FC,16
Leicester,Manchester City,16
Manchester City,Portsmouth,16
Aston Villa,Without Club,16
Aston Villa,Wolves,16
Everton FC,Wigan,16
Derby,Tottenham Hotspur,16
Aston Villa,Coventry,16
Leicester City,Leicester U18,16
Bournemouth,Chelsea FC,16
Chelsea FC,PSV Eindhoven,16
Hartlepool,Newcastle United,16
Birmingham,Southampton FC,16
Man City,Sunderland AFC,16
Barnsley FC,Stoke City,16
Newcastle United,Norwich,16
Southampton FC,Spurs,15
Chelsea FC,Inter,15
Leeds,Tottenham Hotspur,15
Swansea,Tottenham Hotspur,15
Aston Villa,Newcastle,15
Liverpool,Southampton FC,15
Blackburn,West Ham United,15
Birmingham,Everton FC,15
Darlington,Newcastle United,15
Aston Villa,Sheff Wed,15
Portsmouth FC,Portsmouth U18,15
Manchester City,Oldham Athletic,15
Aston Villa,West Brom,15
Chelsea FC,Watford,15
Everton FC,Retired,15
Birmingham,Chelsea FC,15
Blackburn,Southampton FC,15
Manchester City,Norwich,15
Bolton,Manchester City,15
Aston Villa,Manchester City,15
Aston Villa,Man City,15
Ipswich,Tottenham Hotspur,15
Blackpool,Bolton Wanderers,15
Everton FC,Tranmere Rovers,14
Blackburn Rovers,Leeds,14
Watford FC,Without Club,14
Wolverhampton Wanderers,Wolves U18,14
Newcastle United,Without Club,14
Blackpool,Liverpool FC,14
Celtic,Manchester City,14
Crystal Palace,West Ham United,14
Portsmouth FC,Spurs,14
Aston Villa,Bolton,14
Liverpool FC,Tranmere Rovers,14
Everton FC,Preston,14
Arsenal FC,Barcelona,14
Southampton FC,Swindon Town,14
Tottenham Hotspur,Wolves,14
Arsenal,West Ham United,14
Arsenal FC,Watford,14
Middlesbrough FC,Sheff Wed,14
Blackburn Rovers,Stockport,14
Newcastle United,QPR,14
Leicester,Liverpool FC,14
Aston Villa,Leeds,14
Aston Villa,Middlesbrough,14
Sheff Wed U18,Sheffield Wednesday,14
Aston Villa,Tottenham Hotspur,14
Aston Villa,Leicester,14
Stoke City,Sunderland AFC,14
Sheff Wed,Sunderland AFC,14
Retired,West Ham United,14
Aston Villa,Derby,14
Bolton Wanderers,Rochdale,14
Darlington,Sunderland AFC,14
Chelsea FC,Sheff Wed,14
Arsenal FC,Brighton,14
Arsenal FC,Crystal Palace,14
Chelsea FC,Newcastle,14
Brighton & Hove Albion,Wigan,14
Fulham FC,QPR,14
Aston Villa,Doncaster,14
Derby,Everton FC,13
Everton,Tottenham Hotspur,13
Aston Villa,Liverpool FC,13
Newcastle United,Rangers,13
Hull City,Tottenham Hotspur,13
Aston Villa,Blackpool,13
Everton FC,Spurs,13
Aston Villa,Chelsea FC,13
Spurs,Sunderland AFC,13
Carlisle United,Newcastle United,13
Derby,Liverpool FC,13
Crystal Palace,Reading,13
Everton,Manchester City,13
Arsenal FC,KSK Beveren,13
Southampton FC,Stoke City,13
Blackburn Rovers,Rangers,13
Newcastle,Tottenham Hotspur,13
Aston Villa,Portsmouth,13
Chelsea,Everton FC,13
Tottenham Hotspur,Yeovil Town,13
Arsenal FC,Charlton,13
Manchester City,Middlesbrough,13
Fulham FC,Retired,13
Aston Villa,Man Utd,13
Chelsea FC,Everton,13
Arsenal FC,Cardiff,13
Nottm Forest,Southampton FC,13
Bristol Rovers,Stoke City,13
Fulham FC,Spurs,13
Ipswich,Leicester City,13
Man Utd,Sunderland AFC,13
Southend United,Tottenham Hotspur,13
QPR U18,Queens Park Rangers,13
Coventry,Newcastle United,13
Aston Villa,Liverpool,13
Aston Villa,Birmingham,13
Bradford,Leeds United,13
Bolton Wanderers,Bradford,13
Peterborough,Tottenham Hotspur,13
Blackburn Rovers,Plymouth,13
Newcastle United,West Ham,13
Norwich City,Norwich U18,13
Blackburn,Chelsea FC,12
Blackburn Rovers,Blackpool,12
Aston Villa,Spurs,12
Hull City,Wigan,12
Leeds,Sunderland AFC,12
Manchester United,West Brom,12
Bolton Wanderers,Hull City,12
Arsenal FC,Everton,12
Chelsea FC,Stoke City,12
Aston Villa,Preston,12
Retired,Sunderland AFC,12
Brighton,West Bromwich Albion,12
Blackburn,Manchester City,12
Arsenal FC,Portsmouth,12
Chelsea FC,Southampton,12
Barnsley FC,Middlesbrough FC,12
Chelsea FC,Norwich,12
Chelsea FC,Portsmouth,12
Arsenal FC,Fulham,12
Arsenal,Everton FC,12
Bolton Wanderers,Without Club,12
Fulham FC,Sheff Utd,12
Sheff Wed,Southampton FC,12
Chelsea,Southampton FC,12
Aston Villa,Aston Villa Res.,12
Retired,Tottenham Hotspur,12
Atlético Madrid,Chelsea FC,12
Crystal Palace,Everton FC,12
Coventry,Portsmouth FC,12
Birmingham,Derby County,12
Chelsea FC,Real Madrid,12
Man City U23,Manchester City,12
Crystal Palace,Liverpool FC,12
Aston Villa,Crystal Palace,12
Blackburn Rovers,Without Club,12
Ipswich Town,Ipswich U18,12
Derby,Middlesbrough FC,12
Wigan Athletic,Wigan U18,12
Arsenal FC,Real Madrid,12
Blackburn Rovers,Ipswich,12
Everton FC,Rangers,12
Liverpool FC,Wolves,12
Manchester City,Valencia,12
Man Utd Res.,Manchester United,12
Manchester United,Sheff Utd,12
Bournemouth,Tottenham Hotspur,12
Everton FC,West Brom,12
Stoke City,Without Club,12
Bolton,Crystal Palace,12
Blackburn Rovers,Rochdale,12
Liverpool FC,Without Club,12
Derby County,Derby U18,12
Wimbledon FC,Wimbledon U19,12
Retired,Southampton FC,12
Aston Villa,Newcastle United,12
Newcastle United,Portsmouth,11
Coventry,West Ham United,11
Southend United,West Ham United,11
Celtic,Southampton FC,11
Portsmouth,West Bromwich Albion,11
QPR,West Bromwich Albion,11
Manchester City,Retired,11
Leeds,Stoke City,11
Bolton,Newcastle United,11
Aston Villa,Sheff Utd,11
Chelsea FC,Leicester,11
Brighton,Leicester City,11
Newcastle United,Stockport,11
Aston Villa,Aston Villa U21,11
Manchester United,Nottm Forest,11
Blackpool,Middlesbrough FC,11
West Bromwich Albion,Without Club,11
Liverpool FC,Liverpool Res.,11
Bradford,Middlesbrough FC,11
Sunderland AFC,Wolves,11
Birmingham,Manchester United,11
Brighton,Fulham FC,11
Arsenal FC,Retired,11
Newcastle United,Swansea,11
Manchester City,West Ham,11
Luton,Tottenham Hotspur,11
Leeds,Newcastle United,11
Fulham FC,Norwich,11
Arsenal FC,Luton,11
Man City,West Ham United,11
Blackburn,Manchester United,11
Blackburn,Newcastle United,11
West Ham United,Wolves,11
Accrington,Liverpool FC,11
Brighton,Newcastle United,11
Bournemouth,Liverpool FC,11
Chelsea FC,West Ham,11
Blackburn Rovers,Derby,11
Crystal Palace,Palace U18,11
Derby,Manchester City,11
Hull City,Liverpool FC,11
Manchester United,QPR,11
Liverpool FC,Rangers,11
Burnley,Sunderland AFC,11
Newcastle United,Sheff Wed,11
Derby County,Sheff Utd,11
Manchester United,Newcastle,11
Chelsea FC,Nottm Forest,11
Sheff Utd,Stoke City,11
Chelsea FC,Chelsea U23,11
Birmingham,Blackburn Rovers,11
Aston Villa,Fulham,11
Carlisle United,Middlesbrough FC,11
Nottingham Forest,Nottingham U18,11
Chelsea,Crystal Palace,11
Doncaster,Tottenham Hotspur,11
Colchester Utd.,Tottenham Hotspur,11
Liverpool FC,Swindon Town,11
Peterborough,West Ham United,11
Reading FC,Reading U18,11
Portsmouth,Stoke City,11
Bristol City,Fulham FC,11
MK Dons,West Ham United,11
Leeds,Manchester City,11
Sunderland AFC,West Brom,11
Fulham FC,Lincoln City,11
Blackburn Rovers,Leicester,11
Newcastle United,Rotherham,11
Queens Park Rangers,Without Club,11
Birmingham,Tottenham Hotspur,11
Crystal Palace,Fulham FC,11
Chelsea,Newcastle United,11
Swansea City,Without Club,10
Leicester,Tottenham Hotspur,10
Charlton,Chelsea FC,10
Sunderland AFC,York City,10
Chelsea FC,Wolves,10
Brentford,Tottenham Hotspur,10
Aston Villa,Tranmere Rovers,10
West Brom U18,West Bromwich Albion,10
Gateshead,Newcastle United,10
Leicester,Sunderland AFC,10
Fulham FC,West Ham,10
Leeds,Middlesbrough FC,10
Manchester United,Swindon Town,10
Birmingham City,Crystal Palace,10
Doncaster,Manchester United,10
Spurs,Swansea City,10
Manchester United,West Ham,10
Bury,Leeds United,10
Liverpool,Sunderland AFC,10
Fulham FC,Watford,10
Newcastle United,Wigan,10
Arsenal FC,Southampton,10
Birmingham City,Hereford Utd.,10
Leeds,Liverpool FC,10
Bradford,Newcastle United,10
AFC Bournemouth,Yeovil Town,10
Aston Villa,Millwall,10
Aston Villa,Middlesbrough FC,10
Arsenal FC,Colchester Utd.,10
Newcastle United,Spurs,10
Leeds United,Man City,10
Coventry,Manchester United,10
Barnsley FC,Derby County,10
Blackpool,Sunderland AFC,10
Swindon Town,West Ham United,10
Swansea City,Yeovil Town,10
Chelsea FC,Hull City,10
Chelsea FC,Leeds,10
Marseille,Newcastle United,10
Hull City,West Ham United,10
Aston Villa,Chelsea,10
Barnsley FC,Newcastle United,10
Aston Villa,Blackburn,10
Tottenham Hotspur,Without Club,10
Manchester City,PSV Eindhoven,10
Middlesbrough,Southampton FC,10
Everton FC,Fulham,10
Blackburn,Liverpool FC,10
Granada CF,Watford FC,10
AS Roma,Chelsea FC,10
Carlisle United,Sunderland AFC,10
Chelsea FC,Without Club,10
Bolton Wanderers,Liverpool,10
Leeds,Manchester United,10
Coventry,Liverpool FC,10
Aston Villa,Burnley,10
Norwich City,Oldham Athletic,10
Hartlepool,Middlesbrough FC,10
Charlton,Fulham FC,10
Manchester United,Swansea,10
Everton FC,West Ham,10
Hereford Utd.,Liverpool FC,10
Blackpool,Crystal Palace,10
Manchester City,Without Club,10
Brentford,Fulham FC,10
Coventry,Norwich City,10
Blackburn Rovers,Cercle Brugge,10
Hull City,Manchester United,10
Millwall,Southampton FC,10
Bolton,West Ham United,10
Newcastle United,St. Mirren,10
Blackburn Rovers,Sheff Utd,10
West Ham United,Wigan,10
Leeds,Sheffield United,10
Derby,Stoke City,10
Crystal Palace,Tottenham Hotspur,10
Northampton,Tottenham Hotspur,10
Blackburn Rovers,Swindon Town,10
Accrington,Blackburn Rovers,10
Coventry,Southampton FC,10
Burnley,Manchester City,10
Manchester United,Oldham Athletic,10
Sunderland,West Ham United,10
Aston Villa,Everton FC,10
Crystal Palace,Southampton FC,10
Bradford,Sunderland AFC,10
Arsenal,Chelsea FC,9
Helsingborg,Wigan Athletic,9
Bournemouth,Norwich City,9
Barnet,Tottenham Hotspur,9
Tottenham Hotspur,Tottenham Res.,9
Manchester United,Retired,9
Arsenal FC,Chelsea,9
Derby,Manchester United,9
Man Utd,West Ham United,9
Bradford,Manchester United,9
Crystal Palace,Manchester United,9
Man Utd U21,Manchester United,9
Arsenal FC,Juventus,9
Crystal Palace,Ipswich,9
Leicester City,Sheff Utd,9
Aston Villa,Brighton,9
Inter,Manchester United,9
Arsenal FC,Bournemouth,9
Oldham Athletic,Sunderland AFC,9
Newcastle United,Paris SG,9
Crystal Palace,Sheff Wed,9
Barcelona,Everton FC,9
Chelsea FC,Juventus,9
Manchester City,Troyes,9
Cardiff,Liverpool FC,9
Aston Villa,West Ham United,9
MK Dons,Norwich City,9
Accrington,Wigan Athletic,9
Fulham FC,Southampton,9
Middlesbrough FC,Retired,9
Chelsea FC,Sheff Utd,9
Barcelona,Chelsea FC,9
Blackburn Rovers,Retired,9
Sevilla FC,Tottenham Hotspur,9
Blackburn,Sunderland AFC,9
Watford,West Ham United,9
Liverpool FC,Real Madrid,9
Fulham,Liverpool FC,9
West Brom,West Ham United,9
Southampton FC,Walsall,9
Man Utd U23,Manchester United,9
Leeds,Swansea City,9
Brighton & Hove Albion,Union SG,9
Blackburn Rovers,Man Utd,9
Charlton,Portsmouth FC,9
Norwich City,Swindon Town,9
Birmingham City,Coventry,9
Huddersfield,Leicester City,9
Everton FC,Sheff Wed,9
Everton FC,Middlesbrough,9
MK Dons,Southampton FC,9
Preston,Stoke City,9
Birmingham,Fulham FC,9
Gillingham FC,Tottenham Hotspur,9
Coventry,Manchester City,9
Inter,Newcastle United,9
Blackburn Rovers,Crystal Palace,9
Burnley FC,Without Club,9
Arsenal FC,QPR,9
Burnley FC,Stoke City,9
Carlisle United,Derby County,9
Swansea,West Ham United,9
Portsmouth FC,Stoke City,9
Huddersfield,Manchester United,9
Charlton,Queens Park Rangers,9
Dep. La Coruña,Newcastle United,9
AS Roma,Tottenham Hotspur,9
Blackburn Rovers,Newcastle,9
Stoke City,Tottenham Hotspur,9
Newcastle,Portsmouth FC,9
Newcastle,West Ham United,9
Norwich,West Ham United,9
Liverpool,Tottenham Hotspur,9
Blackburn Rovers,Southampton,9
Liverpool FC,Spurs,9
Everton FC,Norwich,9
Fulham FC,Leicester,9
Aston Villa,West Ham,9
Luton,Portsmouth FC,9
Cardiff,West Bromwich Albion,9
Aston Villa,Notts County,9
Bolton Wanderers,Derby,9
Norwich City,Nottm Forest,9
Sheff Utd,Tottenham Hotspur,9
Bolton Wanderers,Burnley,9
Bristol City,Tottenham Hotspur,9
Derby,West Ham United,9
Blackburn Rovers,Hartlepool,9
Bolton Wanderers,Man City,9
Middlesbrough,West Ham United,9
Crystal Palace,Watford,9
Chelsea FC,Wigan,8
Nottm Forest,West Ham United,8
Blackburn Rovers,Man City,8
Manchester City,NAC Breda,8
Chelsea FC,Marseille,8
Chelsea FC,Man City,8
Manchester City,Melbourne City,8
Bury,Sunderland AFC,8
Southampton FC,Stockport,8
Bolton,Chelsea FC,8
Galatasaray,Manchester City,8
Bristol City,Leicester City,8
Crewe Alexandra,Manchester United,8
Liverpool FC,Middlesbrough,8
Southampton FC,Without Club,8
Coventry City,West Brom,8
Manchester City,Marseille,8
Manchester City,Scunthorpe Utd.,8
Brentford,Leicester City,8
Arsenal,Southampton FC,8
Charlton Athletic,Norwich,8
Kidderminster,Wolverhampton Wanderers,8
Arsenal FC,Norwich,8
Derby County,Oxford United,8
Everton FC,Ipswich,8
Sheff Utd,Wolverhampton Wanderers,8
Newcastle United,Sunderland,8
Everton FC,Nottm Forest,8
Newcastle United,Retired,8
Arsenal FC,Millwall,8
Everton,West Ham United,8
Benfica,Chelsea FC,8
Millwall,Queens Park Rangers,8
Birmingham,Stoke City,8
Crystal Palace,Wolves,8
Charlton,Liverpool FC,8
Derby,West Bromwich Albion,8
Aberdeen FC,Blackburn Rovers,8
Blackburn Rovers,West Brom,8
Portsmouth FC,Stade Rennais,8
Bolton Wanderers,Coventry,8
Stoke City,Stoke U18,8
Brighton,Tottenham Hotspur,8
Crystal Palace,Stoke City,8
Aston Villa,Wigan,8
Crystal Palace,Plymouth,8
Derby,Leicester City,8
Blackburn,Leicester City,8
Cambridge Utd.,West Ham United,8
Nottm Forest,Tottenham Hotspur,8
Arsenal FC,Marseille,8
Leicester City,Retired,8
Liverpool FC,Wrexham,8
Liverpool FC,Newcastle,8
Cardiff,Manchester City,8
Bolton Wanderers,Leeds,8
Norwich,West Bromwich Albion,8
Bolton,Sunderland AFC,8
Brentford,Chelsea FC,8
Chelsea FC,Swansea,8
Sheff Wed,Tottenham Hotspur,8
Blackburn Rovers,Coventry,8
Ipswich,Manchester United,8
Bolton Wanderers,Stockport,8
Manchester City,Notts County,8
Southampton FC,West Brom,8
Liverpool,Portsmouth FC,8
Chelsea FC,Werder Bremen,8
Arsenal FC,West Brom,8
Liverpool FC,VfB Stuttgart,8
Lens,Liverpool FC,8
Brentford,Southampton FC,8
Chelsea,Manchester City,8
Brentford,Reading FC,8
Birmingham,Sunderland AFC,8
Bolton Wanderers,Wigan,8
Birmingham,Newcastle United,8
Chelsea FC,Sunderland,8
Portsmouth FC,Yeovil Town,8
Jumilla,Wolverhampton Wanderers,8
Arsenal,West Bromwich Albion,8
Arsenal FC,Man City,8
Aston Villa,Bristol City,8
Blackburn Rovers,Oldham Athletic,8
Arsenal FC,Arsenal Res.,8
Middlesbrough FC,Oldham Athletic,8
Sunderland AFC,West Ham,8
Liverpool FC,Portsmouth,8
Liverpool FC,West Brom,8
Bolton Wanderers,Retired,8
Without Club,Wolverhampton Wanderers,8
Crystal Palace,Middlesbrough FC,8
Aston Villa,Fulham FC,8
Cardiff,Manchester United,8
Famalicão,Wolverhampton Wanderers,8
Leeds,Wolverhampton Wanderers,8
Middlesbrough,Swansea City,8
Charlton Athletic,Ipswich,8
Doncaster,Southampton FC,8
Brentford,West Ham United,8
Leicester City,Monaco,8
Bournemouth,Reading FC,8
Fulham FC,West Brom,8
Liverpool FC,Liverpool U23,8
Chelsea FC,Monaco,8
Burnley,Manchester United,8
Crystal Palace,Nottm Forest,8
Bolton Wanderers,Sheff Utd,8
Blackburn Rovers,Preston,8
Manchester United,Real Madrid,8
Huddersfield,Southampton FC,8
Blackburn Rovers,Wigan,8
Nottm Forest,Wolverhampton Wanderers,8
Cardiff,Newcastle United,8
Chelsea,West Ham United,8
Blackburn Rovers,QPR,8
Everton FC,Watford,8
Derby,Sunderland AFC,8
Aston Villa,Blackburn Rovers,8
Burnley FC,Burnley U18,8
Liverpool,West Bromwich Albion,8
Leeds United,Newcastle,8
Charlton,Crystal Palace,8
Blackpool,Manchester City,8
Arsenal FC,Celta de Vigo,8
Everton FC,Monaco,8
Cardiff,Middlesbrough FC,8
Chester City,Everton FC,8
Aston Villa,Swansea,8
Brighton,Stoke City,8
Bristol City,Wolverhampton Wanderers,8
Charlton,Sunderland AFC,8
Cardiff,Sunderland AFC,8
Middlesbrough,Stoke City,8
Manchester City,Strømsgodset,8
Arsenal FC,Arsenal U21,8
Barnsley FC,Fulham FC,8
Charlton,Everton FC,8
Manchester City,Twente FC,8
Leicester City,Without Club,8
Sunderland AFC,Watford,8
Blackburn,Swansea City,8
Burton Albion,Leicester City,8
Manchester City,Tranmere Rovers,8
Fiorentina,West Ham United,8
Arsenal,Fulham FC,8
Fulham FC,Reading,8
Blackburn Res.,Blackburn Rovers,8
Aston Villa,Bournemouth,8
Charlton Athletic,Leyton Orient,8
Bolton Wanderers,FC Nantes,8
Aston Villa,Southampton,8
Stockport,Sunderland AFC,8
Birmingham City,QPR,8
Sheff Utd,West Bromwich Albion,8
Blackburn Rovers,Darlington,8
Bristol Rovers,Fulham FC,8
Fulham FC,Swindon Town,8
Aston Villa,Celtic,8
Hibernian FC,Newcastle United,8
Chelsea,Fulham FC,8
Huddersfield,Liverpool FC,8
AFC Bournemouth,Aston Villa,8
Plymouth,West Ham United,7
Cambridge Utd.,Leicester City,7
Bolton Wanderers,Swindon Town,7
Everton FC,Stoke City,7
Bor. Dortmund,Manchester United,7
Everton FC,Everton U23,7
Nottm Forest,Watford FC,7
Leeds United,Nottm Forest,7
Newcastle United,Oldham Athletic,7
Manchester United,Reading,7
Manchester United,Sporting CP,7
Celtic,Leicester City,7
Aston Villa,Leicester City,7
Leicester City,Walsall,7
Leicester City,Norwich,7
Birmingham,Leicester City,7
Fulham,Newcastle United,7
Bolton,Leicester City,7
Crystal Palace,Sunderland,7
Middlesbrough,Tottenham Hotspur,7
Middlesbrough FC,Scunthorpe Utd.,7
Blackburn,Tottenham Hotspur,7
Bolton Wanderers,West Brom,7
Brighton,Southampton FC,7
Everton FC,Motherwell FC,7
Everton FC,Oxford United,7
Burnley,Everton FC,7
Aston Villa,Retired,7
Middlesbrough FC,Norwich,7
Newcastle United,Sheff Utd,7
Chelsea FC,Millwall,7
Liverpool FC,QPR,7
Everton FC,Leeds,7
Southampton,West Ham United,7
Liverpool FC,Millwall,7
Queens Park Rangers,Wycombe,7
Carlisle United,Everton FC,7
Everton FC,Wolves,7
Hull City,Newcastle United,7
Arsenal FC,Arsenal U23,7
Gillingham FC,Queens Park Rangers,7
Lincoln City,Tottenham Hotspur,7
Man Utd,Newcastle United,7
Crystal Palace,Oldham Athletic,7
Chelsea FC,Preston,7
Liverpool FC,Norwich,7
Arsenal FC,Saint-Étienne,7
Bolton Wanderers,Newcastle,7
Barnsley FC,Southampton FC,7
Brighton,Charlton Athletic,7
Tottenham Hotspur,Tottenham U23,7
Huddersfield,Newcastle United,7
Derby County,Stoke City,7
Coventry,Everton FC,7
Grimsby Town,Nottingham Forest,7
Blackburn Rovers,Liverpool,7
Chelsea FC,RSC Anderlecht,7
Aston Villa,Everton,7
Chelsea,Stoke City,7
Queens Park Rangers,Reading,7
Derby,Wigan Athletic,7
Man City,Newcastle United,7
Blackpool,Wigan Athletic,7
Bolton Wanderers,Oldham Athletic,7
Doncaster,Sunderland AFC,7
Chelsea FC,Grimsby Town,7
Manchester City,Málaga CF,7
Chelsea FC,Liverpool,7
Blackburn Rovers,Bury,7
Birmingham City,Peterborough,7
Blackburn,Leeds United,7
Everton FC,Southend United,7
Leeds United,Sheff Utd,7
Manchester United,Rangers,7
Crystal Palace,Retired,7
Man City Res.,Manchester City,7
Arsenal,Birmingham City,7
Arsenal FC,Wolves,7
Leeds United,Reading,7
Gateshead,Sunderland AFC,7
Everton FC,Newcastle,7
Manchester City,Rochdale,7
Manchester City,Shakhtar D.,7
Bolton Wanderers,Chelsea,7
Oxford United,Southampton FC,7
Birmingham,Manchester City,7
Manchester United,Sheff Wed,7
Liverpool FC,Wigan,7
Birmingham,Middlesbrough FC,7
Queens Park Rangers,Stevenage,7
Arsenal FC,Leeds,7
Chelsea FC,Luton,7
Arsenal FC,LOSC Lille,7
Arsenal FC,Reading,7
Newcastle United,Swindon Town,7
Sheff Wed,Stoke City,7
Celtic,Manchester United,7
Bor. M'gladbach,Chelsea FC,7
Chelsea,Liverpool FC,7
Norwich,Southampton FC,7
Barnsley FC,Hull City,7
Atlético Madrid,Liverpool FC,7
Blackburn Rovers,Chelsea,7
Everton FC,Southampton,7
Southampton FC,Yeovil Town,7
Coventry,Tottenham Hotspur,7
Stevenage,Tottenham Hotspur,7
Aston Villa,Sunderland,7
Shrewsbury,West Bromwich Albion,7
Blackburn Rovers,Huddersfield,7
Reading,Stoke City,7
Cardiff,Queens Park Rangers,7
Stoke City,Tranmere Rovers,7
Celtic,Newcastle United,7
Hull City,Sunderland,7
Birmingham,Coventry City,7
Arsenal FC,Leicester,7
Arsenal FC,Without Club,7
Hull City,Spurs,7
Queens Park Rangers,Watford,7
Birmingham City,Oldham Athletic,7
Birmingham City,Chelsea,7
Chelsea,Portsmouth FC,7
Fulham FC,Middlesbrough,7
Everton,Newcastle United,7
Sheff Utd U18,Sheffield United,7
Leicester,Manchester United,7
Norwich City,Sheff Wed,7
Everton,Southampton FC,7
Dag & Red FC,Tottenham Hotspur,7
Bolton,Coventry City,7
Barnet,Queens Park Rangers,7
Portsmouth FC,Wigan,7
Portsmouth FC,Walsall,7
Blackburn Rovers,Motherwell FC,7
Spurs,Wolverhampton Wanderers,7
Arsenal FC,Bolton,7
Norwich,Wolverhampton Wanderers,7
Doncaster,Wolverhampton Wanderers,7
Chelsea,Leicester City,7
Bradford,Liverpool FC,7
Middlesbrough,Wolverhampton Wanderers,7
Manchester United,Port Vale,7
QPR,Watford FC,7
Bournemouth,Newcastle United,7
Aston Villa,Lincoln City,7
Sheffield United,Without Club,7
AS Roma,Arsenal FC,7
Arsenal FC,Middlesbrough,7
Arsenal FC,Nottm Forest,7
Unknown,Wimbledon FC,7
Millwall,Wimbledon FC,7
Cardiff,Norwich City,7
Crystal Palace,Wimbledon FC,7
Newcastle Res.,Newcastle United,7
Motherwell FC,Newcastle United,7
Southampton FC,Southampton U21,7
Swindon Town,Wimbledon FC,7
Chelsea FC,Valencia,7
Charlton Athletic,Reading,7
Brentford,Wimbledon FC,7
Blackburn,Everton FC,7
Bristol Rovers,Queens Park Rangers,7
Fulham FC,Wycombe,7
Barnsley FC,Crystal Palace,7
Arsenal FC,Sunderland,7
Everton FC,Oldham Athletic,7
Northampton,West Ham United,7
Scunthorpe Utd.,West Ham United,7
Colchester Utd.,West Ham United,7
Chelsea FC,MK Dons,7
Everton,Sunderland AFC,7
Celtic,Everton FC,7
Lens,Portsmouth FC,7
Bristol City,Cardiff City,7
Blackburn Rovers,West Ham,7
Wigan Athletic,Without Club,7
Manchester City,Wrexham,7
Liverpool FC,Marseille,7
Espanyol,Manchester City,7
Heart of Midl.,Liverpool FC,7
Celtic,Chelsea FC,7
AS Roma,Manchester City,7
Leicester City,Stockport,7
Manchester United,Norwich,7
Nottm Forest,West Bromwich Albion,7
Barnsley FC,Everton FC,7
Birmingham,Bolton Wanderers,7
Leeds,Norwich City,7
Bolton,Manchester United,7
Everton FC,Scunthorpe Utd.,7
Hamburger SV,Tottenham Hotspur,7
Liverpool FC,Liverpool U21,7
Hull City,Leicester City,7
Crystal Palace,Palace U23,7
Crewe Alexandra,Fulham FC,7
Manchester United,Middlesbrough,7
West Bromwich Albion,Wigan,6
Fulham FC,Hull City,6
Charlton,Manchester City,6
Benfica,Tottenham Hotspur,6
Fulham FC,Yeovil Town,6
Portsmouth FC,Preston,6
Fulham FC,MK Dons,6
Fiorentina,Manchester City,6
Leicester City,Rush. & Diamon.,6
Accrington,Charlton Athletic,6
Crystal Palace,Sunderland AFC,6
Aston Villa,West Bromwich Albion,6
Birmingham,Wigan Athletic,6
Chesterfield FC,Manchester United,6
Bristol City,Southampton FC,6
Birmingham,Liverpool FC,6
Preston,Sunderland AFC,6
Leicester City,Wolves,6
Liverpool FC,Reading,6
Liverpool FC,Stockport,6
Fulham FC,Wigan,6
Arsenal FC,Villarreal,6
Manchester United,Spurs,6
Manchester United,Plymouth,6
Charlton Athletic,Notts County,6
Southampton FC,Southampton U23,6
Aston Villa,Watford,6
Everton FC,Yeovil Town,6
AS Roma,Fulham FC,6
Middlesbrough FC,Stoke City,6
Atlético Madrid,Manchester City,6
Crystal Palace,MK Dons,6
Everton,West Bromwich Albion,6
Crystal Palace,Sheff Utd,6
AFC Bournemouth,Liverpool,6
Burnley FC,Morecambe FC,6
Manchester City,West Brom,6
Arsenal FC,Southend United,6
Millwall,West Bromwich Albion,6
Birmingham City,Port Vale,6
Hull City,West Bromwich Albion,6
Arsenal FC,Rotherham,6
Retired,Wigan Athletic,6
Huddersfield,Middlesbrough FC,6
Liverpool FC,Valencia,6
Stoke City,Wigan Athletic,6
Norwich,Wigan Athletic,6
Southampton FC,Torquay,6
Leeds United,Liverpool,6
Hertha BSC,Liverpool FC,6
Everton FC,Leicester,6
Manchester United,NEC Nijmegen,6
AS Roma,Liverpool FC,6
Sheffield United,Torquay,6
Burnley FC,Fleetwood,6
Birmingham City,Notts County,6
Doncaster,Everton FC,6
Norwich City,Spurs,6
Bristol City,Sunderland AFC,6
Stoke City,West Ham United,6
Dep. La Coruña,Watford FC,6
Walsall,West Bromwich Albion,6
Derby County,Wycombe,6
Brighton,Manchester City,6
Leeds,West Bromwich Albion,6
Arsenal FC,Real Sociedad,6
Chelsea,Wigan Athletic,6
Stoke City,Wigan,6
Liverpool FC,Rochdale,6
Manchester City,New York City,6
Charlton Athletic,QPR,6
Southampton FC,Southend United,6
Arsenal FC,G. Bordeaux,6
Man Utd,Queens Park Rangers,6
Inter,Southampton FC,6
Brighton,Swansea City,6
Arsenal FC,Bor. Dortmund,6
Charlton Athletic,Spurs,6
QPR,Southampton FC,6
AC Milan,Liverpool FC,6
Crewe Alexandra,Swansea City,6
Everton FC,Port Vale,6
Norwich City,Without Club,6
Preston,Southampton FC,6
Northampton,Swansea City,6
Charlton Athletic,Retired,6
Leicester City,Nottm Forest,6
Norwich City,Yeovil Town,6
Huddersfield,Norwich City,6
Bury,Middlesbrough FC,6
Queens Park Rangers,West Ham,6
Chelsea FC,Kasimpasa,6
LOSC Lille,Liverpool FC,6
Cardiff,West Ham United,6
Aston Villa,Cardiff,6
Chelsea FC,FC Porto,6
Chelsea FC,Fiorentina,6
Hull City,Nottm Forest,6
Chelsea FC,FK Sarajevo,6
Leicester City,Stoke City,6
Bolton,Cardiff City,6
Burnley FC,Chelsea,6
Arsenal,Sunderland AFC,6
Marseille,Sunderland AFC,6
Sheffield Wednesday,Torquay,6
Cardiff City,Sheff Utd,6
Fulham,Sunderland AFC,6
Burnley,Chelsea FC,6
Crystal Palace,Liverpool,6
Liverpool FC,Preston,6
Crystal Palace,Man Utd,6
Middlesbrough,Norwich City,6
Barnet,West Ham United,6
Celtic,Tottenham Hotspur,6
Manchester City,Sevilla FC,6
Leicester City,Preston,6
Everton FC,Paris SG,6
Middlesbrough FC,Real Madrid,6
Crystal Palace,Manchester City,6
Liverpool,Stoke City,6
Liverpool FC,Sheff Utd,6
Stevenage,West Ham United,6
Hartlepool,Manchester United,6
Real Madrid,Tottenham Hotspur,6
Stoke City,Wolverhampton Wanderers,6
Blackburn Rovers,Macclesfield,6
Newcastle United,Scunthorpe Utd.,6
Portsmouth FC,West Ham,6
Portsmouth FC,West Brom,6
Barcelona,Manchester City,6
Norwich,Portsmouth FC,6
Arsenal,Portsmouth FC,6
Leicester City,Northampton,6
Walsall,Wolverhampton Wanderers,6
Norwich City,Rotherham,6
Burnley,Wolverhampton Wanderers,6
Fulham,Manchester United,6
Rangers,Southampton FC,6
Bolton Wanderers,Bury,6
Stoke City,West Ham,6
Charlton Athletic,MK Dons,6
Fulham FC,Man Utd,6
Man City,Portsmouth FC,6
Sunderland,Watford FC,6
Portsmouth FC,Sheff Utd,6
Carlisle United,Hull City,6
Ipswich,Wolverhampton Wanderers,6
Hull City,Hull U18,6
Barnsley FC,Leicester City,6
Bolton Wanderers,Crewe Alexandra,6
Carlisle United,Stoke City,6
Hull City,Stoke City,6
Leeds United,Marseille,6
Aston Villa,Walsall,6
Aston Villa,Cambridge Utd.,6
Arsenal FC,Hull City,6
Ipswich,Stoke City,6
Bradford,West Ham United,6
Chelsea FC,Fluminense,6
Man Utd,West Bromwich Albion,6
Bristol City,West Bromwich Albion,6
Paris SG,West Ham United,6
Fulham,West Ham United,6
Hull City,Without Club,6
Burnley,Stoke City,6
Carlisle United,Manchester United,6
AFC Bournemouth,Chelsea,6
Inter,Manchester City,6
Barnsley FC,Burnley FC,6
Manchester City,Real Madrid,6
Arsenal,Manchester City,6
Millwall,Wolverhampton Wanderers,6
Chelsea,Middlesbrough FC,6
Southend United,Sunderland AFC,6
Man Utd,Tottenham Hotspur,6
Sheff Wed,Watford FC,6
Leicester City,Man City,6
Lazio,Manchester City,6
Coventry City,Huddersfield,6
Aston Villa,Bolton Wanderers,6
Newcastle United,Tranmere Rovers,6
Middlesbrough FC,Watford,6
Newcastle United,Wolves,6
Leicester,Southampton FC,6
Chelsea FC,West Brom,6
Crewe Alexandra,Newcastle United,6
Spurs,West Ham United,6
Sporting CP,West Ham United,6
Norwich City,Peterborough,6
Chelsea FC,Man Utd,6
Bolton Wanderers,Preston,6
Blackburn Rovers,Dundee United,6
Blackburn,Norwich City,6
Charlton,Norwich City,6
Doncaster,Newcastle United,6
Liverpool,Manchester City,6
Crystal Palace,Southampton,6
Newcastle United,West Brom,6
Luton,Sheffield United,6
Millwall,Newcastle United,6
Arsenal FC,Ipswich,6
Liverpool,Newcastle United,6
Man City,Southampton FC,6
Tottenham Hotspur,Wycombe,6
Sheffield United,Stoke City,6
Doncaster,Sheffield Wednesday,6
Luton,Middlesbrough FC,6
Bolton,Sheffield Wednesday,6
Leeds United,Stoke City,6
Aston Villa,Rotherham,6
Queens Park Rangers,Spurs,6
Leyton Orient,Queens Park Rangers,6
Leicester City,Lincoln City,6
Manchester City,Sheff Utd,6
Crystal Palace,Queens Park Rangers,6
Shrewsbury,Southampton FC,6
Brighton & Hove Albion,QPR,6
Oldham Athletic,Southampton FC,6
PSV Eindhoven,Tottenham Hotspur,6
Brighton & Hove Albion,Fulham,6
Blackburn Rovers,Sunderland,6
Olympiacos,Wolverhampton Wanderers,6
Blackburn,Coventry City,6
Bradford,Tottenham Hotspur,6
Burnley,Tottenham Hotspur,6
Chelsea,Manchester United,6
Crystal Palace,Millwall,6
Millwall,West Ham United,6
Birmingham,Crystal Palace,6
Brentford,Everton FC,6
West Ham United,Yeovil Town,6
Arsenal FC,Peterborough,6
Blackburn Rovers,Portsmouth,6
Coventry City,Wigan,6
Ipswich,Newcastle United,6
Bolton,Southampton FC,6
Colchester Utd.,Crystal Palace,6
Bristol City,Chelsea FC,6
Liverpool FC,Man City,6
Coventry City,Retired,6
Brighton & Hove Albion,Brighton U23,6
Aston Villa,Southampton FC,5
Crewe Alexandra,Norwich City,5
Lincoln City,Sheffield Wednesday,5
Bristol Rovers,Chelsea FC,5
Everton FC,Swindon Town,5
Birmingham City,Middlesbrough,5
Everton FC,Grasshoppers,5
Charlton Athletic,Grimsby Town,5
Monaco,Tottenham Hotspur,5
FC Metz,West Ham United,5
Sunderland,West Bromwich Albion,5
Leicester City,Scunthorpe Utd.,5
Reading,Watford FC,5
Charlton Athletic,Derby,5
Middlesbrough,Sheffield United,5
Brentford,Cardiff City,5
Inter,Sunderland AFC,5
Coventry City,Wolves,5
Derby County,Ipswich,5
MK Dons,Tottenham Hotspur,5
Burnley,Liverpool FC,5
Everton FC,Fenerbahce,5
West Ham United,Wycombe,5
Middlesbrough FC,York City,5
Everton FC,Portsmouth,5
Rochdale,West Bromwich Albion,5
Southampton FC,Wolves,5
Feyenoord,Southampton FC,5
Gillingham FC,Southampton FC,5
Bolton,Norwich City,5
Galatasaray,Liverpool FC,5
Leeds,Southampton FC,5
Bournemouth,Coventry City,5
Manchester United,Without Club,5
Bolton Wanderers,Torino,5
Cambridge Utd.,Manchester United,5
Sunderland AFC,Walsall,5
Middlesbrough FC,Preston,5
Chester City,Liverpool FC,5
Cardiff City,Without Club,5
Aston Villa,R. Strasbourg,5
Swansea City,Wrexham,5
Doncaster,Queens Park Rangers,5
MK Dons,Newcastle United,5
G. Bordeaux,Liverpool FC,5
Burnley,Middlesbrough FC,5
Crystal Palace,Norwich City,5
Doncaster,West Bromwich Albion,5
Bor. Dortmund,Chelsea FC,5
Aston Villa,Wolverhampton Wanderers,5
Birmingham,Norwich City,5
Livingston FC,Newcastle United,5
Colchester Utd.,Queens Park Rangers,5
Liverpool,Wigan Athletic,5
Liverpool FC,Rosenborg,5
FC Schalke 04,Tottenham Hotspur,5
Coventry City,Helsingborg,5
Bor. M'gladbach,West Ham United,5
Reading,West Ham United,5
Barnsley FC,Birmingham City,5
Birmingham City,Sheff Utd,5
Nantwich Town,Stoke City,5
Leicester City,Reading,5
Crewe Alexandra,Leicester City,5
Bolton,Middlesbrough FC,5
Derby County,Port Vale,5
Barnsley FC,Swansea City,5
Arsenal FC,Atlético Madrid,5
Crystal Palace,Leyton Orient,5
Arsenal FC,Fylkir,5
Bristol City,Manchester City,5
Stoke City,Sunderland,5
Liverpool FC,Union Berlin,5
Málaga CF,Watford FC,5
RSC Charleroi,Wolverhampton Wanderers,5
Aston Villa,Chesterfield FC,5
Bay. Leverkusen,Liverpool FC,5
Aston Villa,Club Brugge,5
Portsmouth,Wigan Athletic,5
Shrewsbury,West Ham United,5
Juventus,Liverpool FC,5
West Brom,Wigan Athletic,5
Chelsea FC,FC Schalke 04,5
Leicester City,Leicester U23,5
Crystal Palace,Leeds,5
Derby County,Hull City,5
AC Le Havre,Liverpool FC,5
FC Porto,Wolverhampton Wanderers,5
Hull City,Oldham Athletic,5
Chelsea,Watford FC,5
Portsmouth,Wolverhampton Wanderers,5
Bolton Wanderers,Stoke City,5
Cardiff,Fulham FC,5
Birmingham,Burnley FC,5
Blackburn,Derby County,5
Bolton Wanderers,Chesterfield FC,5
Bournemouth,Fulham FC,5
Chelsea FC,Fenerbahce,5
Manchester United,Stoke City,5
Ajax,Chelsea FC,5
Bolton Wanderers,Carlisle United,5
Barnsley FC,Norwich City,5
Manchester City,Real Sociedad,5
Burnley FC,QPR,5
Leicester,Sheffield United,5
Inter,Tottenham Hotspur,5
Liverpool FC,Notts County,5
Leeds United,Swindon Town,5
Arsenal FC,Inter,5
Manchester United,Yeovil Town,5
Luton,Southampton FC,5
Bolton U23,Bolton Wanderers,5
Brighton & Hove Albion,Coventry,5
Manchester City,VfL Wolfsburg,5
Arsenal FC,VfB Stuttgart,5
Crystal Palace,Welling Utd.,5
Notts County,West Ham United,5
Aberdeen FC,Newcastle United,5
Tottenham Hotspur,Villarreal,5
Manchester City,Newcastle,5
Arsenal FC,Newcastle,5
Aberdeen FC,Manchester United,5
Middlesbrough FC,Portsmouth,5
Blackburn Rovers,Spurs,5
Estudiantes,Sunderland AFC,5
Chelsea FC,Olympique Lyon,5
Chesterfield FC,Middlesbrough FC,5
Nottm Forest,Sheffield United,5
Birmingham City,Leeds,5
Bradford,Stoke City,5
Charlton Athletic,Gillingham FC,5
Kingstonian FC,West Ham United,5
Cardiff,Everton FC,5
Fulham FC,Nottm Forest,5
Chelsea FC,SSC Napoli,5
Blackburn Rovers,Cardiff,5
Blackburn Rovers,Mansfield Town,5
Doncaster,Manchester City,5
Leicester,West Bromwich Albion,5
Everton FC,Everton Res.,5
Manchester United,Paris SG,5
Benfica,Portsmouth FC,5
FC Porto,Liverpool FC,5
Everton FC,RSC Anderlecht,5
Liverpool FC,Retired,5
Slavia Prague,Tottenham Hotspur,5
Stafford Rangers,Stoke City,5
Preston,West Bromwich Albion,5
Arsenal,Leeds United,5
Newcastle United,Valencia,5
Chelsea FC,Sevilla FC,5
Everton FC,Hull City,5
Arsenal,Newcastle United,5
AFC Bournemouth,Without Club,5
Atlético Madrid,Wolverhampton Wanderers,5
Blackburn Rovers,Carlisle United,5
Birmingham City,Leicester,5
Bury,Manchester United,5
Chelsea FC,Chelsea U21,5
Bristol Rovers,Leicester City,5
Sheff Wed,West Bromwich Albion,5
FC Schalke 04,Manchester City,5
Aston Villa,Hull City,5
Middlesbrough FC,Millwall,5
Coventry,Leicester City,5
Bradford City,Leeds,5
Chelsea FC,Spurs,5
Shrewsbury,Wolverhampton Wanderers,5
Grimsby Town,Sunderland AFC,5
Manchester City,Parma,5
Blackburn Rovers,Stoke City,5
Liverpool FC,Paris SG,5
Everton FC,Plymouth,5
Arsenal FC,Bristol City,5
Fulham FC,Portsmouth,5
Hull City,Leyton Orient,5
Newcastle United,Stoke City,5
Birmingham,Wolverhampton Wanderers,5
Aston Villa,Shrewsbury,5
Blackburn Rovers,Tranmere Rovers,5
Arsenal FC,Fiorentina,5
Watford FC,West Brom,5
Derby County,Milan,5
Coventry City,Swansea,5
Bournemouth,West Bromwich Albion,5
Lens,Middlesbrough FC,5
Arsenal,Manchester United,5
Manchester United,Scunthorpe Utd.,5
Halifax Town,Sunderland AFC,5
Barnsley FC,Tottenham Hotspur,5
Reading,Southampton FC,5
Port Vale,Wimbledon FC,5
Portsmouth,Queens Park Rangers,5
Middlesbrough,Wigan Athletic,5
Coventry,Middlesbrough FC,5
Bradford,Fulham FC,5
Derby County,Man City,5
Bristol City,Middlesbrough FC,5
Man City,Oldham Athletic,5
Arsenal FC,Derby,5
Chelsea FC,Paris SG,5
Middlesbrough FC,Wolves,5
Man City,Tottenham Hotspur,5
Crewe Alexandra,Derby County,5
Annan Athletic,Newcastle United,5
Manchester United,Monaco,5
Toulouse,West Ham United,5
Liverpool FC,Swansea,5
Derby County,Sheff Wed,5
Inter,West Ham United,5
Blackburn Rovers,Reading,5
Middlesbrough FC,Sheff Utd,5
Arsenal FC,Burnley,5
Everton FC,Real Sociedad,5
Bournemouth,Manchester City,5
Macclesfield,Manchester City,5
Southampton FC,West Ham,5
Portsmouth FC,Southend United,5
Barcelona,Liverpool FC,5
Bournemouth,Crystal Palace,5
Bournemouth,Manchester United,5
Birmingham City,Watford,5
Man City,Nottingham Forest,5
Birmingham,Portsmouth FC,5
Accrington,Sunderland AFC,5
Middlesbrough FC,West Brom,5
Fulham FC,Oldham Athletic,5
Fulham FC,Fulham Res.,5
Charlton,Middlesbrough FC,5
Newcastle United,Wycombe,5
Hull City,Tranmere Rovers,5
Everton,Fulham FC,5
Sunderland AFC,Wigan,5
Boston Utd,Portsmouth FC,5
Plymouth,Southampton FC,5
Cheltenham,Reading FC,5
Charlton Athletic,Chelsea,5
Newcastle United,RSC Anderlecht,5
Crystal Palace,Leeds United,5
Arsenal FC,Man Utd,5
Burnley,Wigan Athletic,5
Arsenal,Middlesbrough FC,5
Everton,Watford FC,5
Stade Rennais,West Ham United,5
Chelsea FC,Hamburger SV,5
Darlington,Hull City,5
Grimsby Town,Hull City,5
Birmingham City,Fulham,5
Chelsea,Norwich City,5
Hull City,Leeds United,5
Arsenal FC,Real Betis,5
Fulham FC,Ipswich,5
Plymouth,Tottenham Hotspur,5
Man Utd,Norwich City,5
Derby,Fulham FC,5
Portsmouth,Reading FC,5
Crewe Alexandra,Everton FC,5
Chelsea FC,Spartak Moscow,5
Besiktas,Everton FC,5
Blackpool,Newcastle United,5
Derby,Newcastle United,5
Liverpool FC,Olympiacos,5
Blackburn Rovers,Leyton Orient,5
Middlesbrough FC,Rotherham,5
Brighton & Hove Albion,NK Maribor,5
Man City,Norwich City,5
Aston Villa,Luton,5
Middlesbrough FC,Sunderland,5
Derby,Norwich City,5
Manchester United,Rotherham,5
Everton FC,Huddersfield,5
Derby County,Portsmouth,5
Norwich City,West Ham,5
Manchester City,RSC Anderlecht,5
Sunderland AFC,Sunderland U21,5
Man Utd,Wigan Athletic,5
Coventry,Sunderland AFC,5
Blackpool,Manchester United,5
Retired,Stoke City,5
Nottm Forest,Sunderland AFC,5
Leicester City,Millwall,5
Notts County,Sheffield Wednesday,5
Bury,Manchester City,5
Reading FC,Wolves,5
FC Ingolstadt,Huddersfield Town,5
Bradford,Southampton FC,5
Portsmouth FC,Retired,5
Blackpool,Norwich City,5
Manchester United,Peterborough,5
Derby County,Walsall,5
Chelsea,Tottenham Hotspur,5
Crawley Town,Reading FC,5
Manchester City,Spurs,5
Liverpool FC,Sporting CP,5
Chelsea FC,KVC Westerlo,5
Manchester City,Rangers,5
Gillingham FC,Norwich City,5
Crystal Palace,QPR,5
Blackburn Rovers,Northampton,5
TSG Hoffenheim,Tottenham Hotspur,5
Celtic,Middlesbrough FC,5
Aston Villa,Yeovil Town,5
Dag & Red FC,Portsmouth FC,5
Chelsea FC,Trabzonspor,5
Birmingham City,Tamworth,5
Coventry City,Stoke City,5
Blackpool,Leicester City,5
Olympique Lyon,West Ham United,5
Liverpool FC,Sevilla FC,5
Crystal Palace,Everton,5
Manchester City,Wolves,5
Bradford,Everton FC,5
Aston Villa,Norwich,5
CD Olimpia,Wigan Athletic,5
Bradford,Chelsea FC,5
Leeds United,Man Utd,4
Leicester,West Ham United,4
Newcastle United,Port Vale,4
Chelsea FC,E. Frankfurt,4
Sheff Wed,West Ham United,4
Ajax,Newcastle United,4
Reading,Tottenham Hotspur,4
Liverpool FC,Villarreal,4
AEK Athens,Arsenal FC,4
Charlton Athletic,Colchester Utd.,4
Bayern Munich,Liverpool FC,4
San Jose,Tottenham Hotspur,4
Reading FC,Woking,4
Burnley FC,Leyton Orient,4
Mansfield Town,Stoke City,4
Manchester City,Rayo Vallecano,4
Fulham,Middlesbrough FC,4
Newcastle United,Preston,4
Charlton Athletic,Middlesbrough,4
Fulham,Reading FC,4
Blackburn Rovers,Halifax Town,4
Liverpool,Middlesbrough FC,4
Everton FC,FC Copenhagen,4
Ipswich,Middlesbrough FC,4
Liverpool FC,SC Bastia,4
Manchester City,Swansea,4
Chelsea FC,Rangers,4
Lazio,West Ham United,4
Norwich,Reading FC,4
Derby County,Leicester,4
AS Roma,Newcastle United,4
Coventry City,Notts County,4
Arsenal FC,Levante,4
Doncaster,Middlesbrough FC,4
Charlton,Reading FC,4
Vozdovac,Watford FC,4
Coventry,Fulham FC,4
Aldershot,Reading FC,4
Burnley,Nottingham Forest,4
Arsenal FC,Bröndby IF,4
Charlton Athletic,Torquay,4
E. Frankfurt,Manchester City,4
Arsenal FC,Valencia,4
AS Roma,Everton FC,4
Leicester City,Wigan,4
Brentford,Wigan Athletic,4
Blackburn Rovers,G. Bordeaux,4
Leicester City,Newcastle,4
Arsenal FC,Brentford,4
Marseille,West Ham United,4
Bolton Wanderers,Notts County,4
Everton,Portsmouth FC,4
Gillingham FC,Leicester City,4
Manchester City,Northampton,4
Charlton,Newcastle United,4
Chelsea FC,KRC Genk,4
Coventry City,KAA Gent,4
Charlton,Manchester United,4
Leyton Orient,Stoke City,4
Livingston FC,Middlesbrough FC,4
Leicester City,QPR,4
Molde,Wimbledon FC,4
Sunderland AFC,Workington AFC,4
Everton FC,Walsall,4
Ipswich,Portsmouth FC,4
Aston Villa,Brentford,4
Benfica,Manchester City,4
Cardiff,Crystal Palace,4
Fenerbahce,Liverpool FC,4
Aldershot,Queens Park Rangers,4
Portsmouth FC,Sheff Wed,4
Tottenham Hotspur,West Brom,4
Middlesbrough FC,Scarborough Athletic,4
Arsenal FC,Feyenoord,4
Dag & Red FC,Queens Park Rangers,4
Crystal Palace,Rotherham,4
Portsmouth FC,Wycombe,4
Aston Villa,Stade Rennais,4
Arsenal FC,Zenit S-Pb,4
Leeds United,West Ham,4
Portsmouth FC,Reading,4
Arsenal FC,Notts County,4
Bor. Dortmund,Tottenham Hotspur,4
Burton Albion,Manchester City,4
Aberdeen FC,Liverpool FC,4
Huddersfield,Sunderland AFC,4
Liverpool FC,Real Sociedad,4
Celtic,Liverpool FC,4
Rangers,Sunderland AFC,4
Blackburn,Cardiff City,4
Aston Villa,Coventry City,4
Lazio,Manchester United,4
Bolton,Bradford City,4
Lommel SK,Manchester City,4
Crewe Alexandra,Leeds United,4
Manchester City,Walsall,4
Arsenal FC,Flamengo,4
Heart of Midl.,Leeds United,4
Leeds United,Wolves,4
Chelsea FC,NAC Breda,4
Sunderland AFC,Trabzonspor,4
Manchester United,Wolves,4
IFK Hässleholm,Tottenham Hotspur,4
Seattle,Tottenham Hotspur,4
Aston Villa,Charlton,4
Colchester Utd.,Norwich City,4
Charlton,Stoke City,4
Chelsea FC,Derby,4
Kidderminster,Portsmouth FC,4
Leicester City,West Brom,4
Blackburn,Hull City,4
Hull City,Scarborough Athletic,4
Doncaster,Fulham FC,4
Sunderland AFC,Wycombe,4
Hull City,Newcastle,4
Fulham FC,Sheff Wed,4
Liverpool FC,Southend United,4
Port Vale,Tottenham Hotspur,4
Bristol City,Liverpool FC,4
Manchester City,Stoke City,4
Gillingham FC,West Ham United,4
Cheltenham,Wigan Athletic,4
Aarhus GF,Manchester City,4
Cardiff City,Peterborough,4
Bröndby IF,Liverpool FC,4
Manchester City,Swindon Town,4
PSV Eindhoven,Sheffield Wednesday,4
Manchester City,Sydney FC,4
Brighton & Hove Albion,RB Salzburg,4
Liverpool FC,RB Salzburg,4
Fulham,West Bromwich Albion,4
Aston Villa,Sheffield Wednesday,4
Shrewsbury,Sunderland AFC,4
Grimsby Town,Sheffield United,4
Bolton,West Bromwich Albion,4
Aalborg BK,Aston Villa,4
FC Groningen,Manchester City,4
Grimsby Town,Leeds United,4
Portsmouth,Swansea City,4
Leicester,Stoke City,4
Newcastle United,Watford,4
Leeds United,Scunthorpe Utd.,4
Blackburn,Queens Park Rangers,4
Watford,West Bromwich Albion,4
MK Dons,Queens Park Rangers,4
Bolton Wanderers,Wycombe,4
Bradford City,Portsmouth,4
Crystal Palace,West Bromwich Albion,4
Leicester City,Notts County,4
Kidderminster,West Bromwich Albion,4
Carlisle United,Liverpool FC,4
Everton FC,Marseille,4
Stoke City,Wolves,4
Everton FC,Leyton Orient,4
Man City,Stoke City,4
Aston Villa,PSV Eindhoven,4
Charlton Athletic,Liverpool,4
Chelsea,Swansea City,4
Fulham FC,Olympique Lyon,4
Arsenal FC,SKF Sered,4
Angers SCO,Wolverhampton Wanderers,4
Aston Villa,Northampton,4
CD Leganés,Southampton FC,4
Watford FC,Watford U18,4
Aston Villa,Bradford,4
Birmingham City,Sunderland,4
Aston Villa,Rayo Vallecano,4
Inverness CT,Wolverhampton Wanderers,4
Chelsea FC,Oldham Athletic,4
Spurs,Stoke City,4
Chelsea FC,Twente FC,4
Newcastle,Wigan Athletic,4
Fiorentina,Sunderland AFC,4
AC Milan,Arsenal FC,4
Blackburn Rovers,Norwich,4
Arsenal FC,Hannover 96,4
Nottingham Forest,Sheff Utd,4
Hibernian FC,Wolverhampton Wanderers,4
Swansea,Wolverhampton Wanderers,4
Gainsborough,Hull City,4
Everton FC,Real Madrid,4
Arsenal FC,Northampton,4
Crawley Town,Crystal Palace,4
Celta de Vigo,Southampton FC,4
Bradford City,York City,4
Chelsea FC,Wimbledon FC,4
Dartford,Fulham FC,4
Burnley,West Bromwich Albion,4
Arsenal FC,Dunfermline A.,4
Leicester City,Middlesbrough,4
Chelsea FC,Wycombe,4
Leicester City,Mansfield Town,4
Chelsea FC,Málaga CF,4
Burnley,Portsmouth FC,4
Sligo Rovers,West Ham United,4
Portsmouth FC,Without Club,4
Birmingham,Swansea City,4
Arsenal FC,Benfica,4
Nottingham Forest,Port Vale,4
Crystal Palace,Southend United,4
Sampdoria,Southampton FC,4
Manchester City,Partizan,4
Manchester United,Motherwell FC,4
Alavés,Manchester United,4
Bristol Rovers,Southampton FC,4
Bournemouth,Everton FC,4
Huddersfield,Manchester City,4
Queens Park Rangers,Woking,4
Millwall,Stoke City,4
Queens Park Rangers,Staines Town FC,4
Sunderland AFC,Tranmere Rovers,4
Ipswich,Manchester City,4
Blackburn Rovers,Millwall,4
Birmingham City,Blackpool,4
Brighton,Norwich City,4
Cambridge Utd.,Crystal Palace,4
Barnsley FC,Sunderland AFC,4
Wimbledon FC,Wycombe,4
Blackburn Rovers,Crewe Alexandra,4
Notts County,Queens Park Rangers,4
Blackburn Rovers,Notts County,4
Lazio,Middlesbrough FC,4
Brentford,Crystal Palace,4
Monaco,Newcastle United,4
Hull City,Wigan Athletic,4
Middlesbrough FC,Wigan,4
Barnsley FC,Manchester United,4
Portsmouth FC,Southampton,4
Heart of Midl.,Manchester United,4
Retired,Swansea City,4
Blackpool FC,Stockport,4
Olympique Lyon,Tottenham Hotspur,4
Peterborough,Sheffield Wednesday,4
Indep. Medellín,Watford FC,4
Burnley FC,Wrexham,4
Birmingham City,Without Club,4
Burnley,Newcastle United,4
Blackburn Rovers,Gillingham FC,4
Blackburn Rovers,SC Bastia,4
Middlesbrough,Watford FC,4
Manchester United,Millwall,4
Norwich City,West Brom,4
Southampton,West Bromwich Albion,4
Leicester,Newcastle United,4
Coventry,Leeds United,4
Manchester United,Stockport,4
Fulham FC,PSV Eindhoven,4
Barnsley FC,Chelsea FC,4
Brighton & Hove Albion,Newcastle,4
Feyenoord,Manchester City,4
Doncaster,Norwich City,4
Huddersfield Town,Monaco,4
AFC Bournemouth,Birmingham,4
Blackburn Rovers,Wolves,4
Bolton Wanderers,Wolves,4
Bolton Wanderers,Luton,4
Colchester Utd.,Manchester United,4
Brighton & Hove Albion,Rangers,4
Chelsea FC,Crewe Alexandra,4
Manchester United,Rochdale,4
Blackburn Rovers,Nottm Forest,4
Burnley FC,Kilmarnock FC,4
Rotherham,Watford FC,4
Watford FC,Wealdstone,4
Brighton & Hove Albion,Heerenveen,4
Burnley FC,Charlton,4
Sunderland,Wigan Athletic,4
Burnley FC,Burnley U23,4
Oxford United,Portsmouth FC,4
QPR,Wolverhampton Wanderers,4
Stoke City,Wrexham,4
Darlington,Fulham FC,4
Crystal Palace,Swindon Town,4
Manchester City,Reading,4
AFC Bournemouth,Reading,4
Brighton & Hove Albion,Club Brugge,4
Crystal Palace,Wigan Athletic,4
AFC Bournemouth,Ipswich,4
Aston Villa,Oldham Athletic,4
RSC Anderlecht,Wolverhampton Wanderers,4
Norwich,Sunderland AFC,4
AFC Bournemouth,Bournemouth U21,4
Paris SG,Sunderland AFC,4
Ajax,Tottenham Hotspur,4
Dundee United,Newcastle United,4
Leeds U23,Leeds United,4
Aston Villa,Carlisle United,4
Blackburn,Wigan Athletic,4
Atalanta BC,Chelsea FC,4
Everton FC,QPR,4
Derby,Hull City,4
AFC Bournemouth,Cardiff,4
Derby County,Grimsby Town,4
Retired,West Bromwich Albion,4
Peterborough,Wimbledon FC,4
Bolton,Sheffield United,4
Burnley FC,Sheff Wed,4
Newcastle United,Northampton,4
Chelsea,Wolverhampton Wanderers,4
Bradford,Oldham Athletic,4
Boca Juniors,Liverpool FC,4
AFC Bournemouth,Portsmouth,4
Lincoln City,Southampton FC,4
AFC Bournemouth,Bristol City,4
AFC Bournemouth,Wycombe,4
Aston Villa,Fenerbahce,4
Burnley FC,Retired,4
Bolton Wanderers,Portsmouth,4
Manchester City,Southampton,4
Watford,Wigan Athletic,4
FC Porto,Stoke City,4
Blackburn Rovers,Inverness CT,4
Bolton Wanderers,Middlesbrough,4
Portsmouth FC,Rotherham,4
Dep. La Coruña,Manchester City,4
Bury,West Ham United,4
Manchester United,Viking FK,4
Manchester United,Wrexham,4
Espanyol,Liverpool FC,4
West Brom U23,West Bromwich Albion,4
Sheffield United,West Brom,4
Middlesbrough FC,Southampton,4
Sheff Wed,Wigan Athletic,4
Marseille,Tottenham Hotspur,4
Chelsea FC,Coventry,4
Besiktas,Leicester City,4
Doncaster,Sheffield United,4
Crystal Palace,Gillingham FC,4
Crystal Palace,Fulham,4
Birmingham City,Burton Albion,4
Sunderland,Wolverhampton Wanderers,4
Stade Rennais,Sunderland AFC,4
Everton FC,Los Angeles,4
Celtic,Sheffield Wednesday,4
Man City,Sheffield Wednesday,4
Burnley FC,Swansea,4
Burnley FC,Chester City,4
Fleetwood,Huddersfield Town,4
Northampton,Reading FC,4
Chelsea FC,Partick Thistle,4
Bristol City,Queens Park Rangers,4
Birmingham City,Spurs,4
Rush. & Diamon.,West Ham United,4
Everton FC,Fiorentina,4
Colchester Utd.,Leicester City,4
Everton,Sheffield United,4
Everton FC,Swansea,4
Darlington,Sheffield United,4
OGC Nice,Southampton FC,4
Fulham FC,Northampton,4
Crystal Palace,Northampton,4
Crystal Palace,Newport County,4
Brighton & Hove Albion,Rotherham,4
Fenerbahce,Tottenham Hotspur,4
Wigan Athletic,Wolves,4
Everton FC,Millwall,4
AFC Bournemouth,Wolves,4
Brighton & Hove Albion,Derby,4
Exeter City,Tottenham Hotspur,4
Burnley FC,Rotherham,4
Galatasaray,Southampton FC,4
Livingston FC,Norwich City,4
AFC Bournemouth,Rangers,4
AFC Bournemouth,Gillingham FC,4
Barrow,Blackpool FC,4
Fiorentina,Leicester City,4
Ipswich,Nottingham Forest,4
Celtic,West Ham United,4
Derby,Watford FC,4
Doncaster,Wigan Athletic,4
Arsenal FC,Monaco,4
Tottenham Hotspur,Wigan,4
Scunthorpe Utd.,Sheffield Wednesday,4
Barnsley FC,West Ham United,4
Chesterfield FC,Wolverhampton Wanderers,4
Blackburn,Brighton & Hove Albion,4
Espanyol,Watford FC,4
Brighton & Hove Albion,Retired,4
Bury,Newcastle United,4
Notts County,Wolverhampton Wanderers,4
Hull City,Manchester City,4
Ajax,Arsenal FC,4
Brighton & Hove Albion,Molde,4
Birmingham,Watford FC,4
Birmingham City,Halifax Town,4
Manchester City,Stockport,4
Chelsea FC,Ipswich,4
Birmingham City,Doncaster,4
Brighton & Hove Albion,FC St. Pauli,4
Norwich City,Portsmouth,4
Manchester City,Nottm Forest,4
Fulham FC,Southend United,4
Coventry City,Dundee United,4
Liverpool FC,Nottm Forest,4
Chelsea FC,Partizan,4
Nottingham Forest,Preston,4
Middlesbrough,Sunderland AFC,4
Nottingham Forest,Reading,4
Fulham FC,Marseille,4
Leyton Orient,Sunderland AFC,4
Hull City,Southampton FC,4
AFC Bournemouth,Sunderland,4
Fulham FC,Peterborough,4
Aston Villa,QPR,4
Everton FC,Heart of Midl.,4
Man Utd,Middlesbrough FC,4
Stoke City,Watford FC,4
Crystal Palace,Rakow,4
Fulham FC,Stade Rennais,4
Benfica,Bolton Wanderers,4
Manchester United,Real Zaragoza,4
Arsenal FC,UD Salamanca,4
Chelsea FC,Sint-Truiden,4
Barnet,Charlton Athletic,4
Charlton Athletic,Huddersfield,4
Coventry City,Crystal Palace,4
Blackburn Rovers,Grimsby Town,4
Standard Liège,Watford FC,4
Bristol City,Charlton Athletic,4
Norwich City,Southend United,4
Newcastle United,Panathinaikos,4
Newcastle United,Wrexham,4
Brentford,Sunderland AFC,4
Fulham FC,TPS,4
Chelsea FC,Lazio,4
Nottm Forest,Reading FC,4
Burton Albion,Wolverhampton Wanderers,4
Chesterfield FC,Manchester City,4
FC Metz,Newcastle United,4
Envigado,Watford FC,4
Everton FC,Stockport,4
Huddersfield,Sheffield Wednesday,4
Besiktas,Manchester United,4
Newport County,Swansea City,4
West Ham U23,West Ham United,4
Hamilton Acad.,Wigan Athletic,4
Lens,Tottenham Hotspur,4
Bay. Leverkusen,Tottenham Hotspur,4
Rayo Vallecano,Wigan Athletic,4
Charlton Athletic,Millwall,4
West Ham United,Újpest FC,4
FC Copenhagen,Leicester City,4
Aberdeen FC,Coventry City,4
Spartak Moscow,West Ham United,4
Bolton Wanderers,Southampton,4
Coventry City,Sheff Wed,4
Brighton,Nottingham Forest,4
Crewe Alexandra,Tottenham Hotspur,4
Ipswich,West Bromwich Albion,4
Blackburn Rovers,Bristol Rovers,4
Leeds United,Without Club,4
Liverpool FC,Scunthorpe Utd.,4
Charlton Athletic,Stoke City,4
Dep. La Coruña,Liverpool FC,4
Carlisle United,Tottenham Hotspur,4
Manchester United,Molde,4
Chelsea FC,Milan,4
Newcastle United,Reading,4
Arsenal,Bolton Wanderers,4
Brighton & Hove Albion,Stoke City,4
Chelsea FC,Plymouth,4
Coventry City,Swindon Town,4
Barcelona,West Ham United,4
Crystal Palace,Port Vale,4
Huddersfield,Leeds United,4
Chelsea FC,Vitória Setúbal,4
Celtic,Fulham FC,4
Accrington,West Ham United,4
Crawley Town,Southampton FC,4
Manchester City,Sheff Wed,4
Coventry City,Leeds,4
Rangers,West Ham United,4
Rangers,Wigan Athletic,4
Fulham FC,Torquay,4
Bolton Wanderers,Leicester,4
Sheff Utd,Wigan Athletic,4
Spurs,Wigan Athletic,4
Sampdoria,Tottenham Hotspur,4
Chelsea FC,Torino,4
San Lorenzo,West Bromwich Albion,4
Bolton Wanderers,Fulham,4
Leicester City,Unknown,4
Burnley FC,Norwich,4
Cardiff,Leicester City,4
Bolton Wanderers,Huddersfield,4
Slavia Prague,West Ham United,4
Bolton,Portsmouth FC,4
Leicester City,Swansea,4
Leicester City,OH Leuven,4
Leicester,Wolverhampton Wanderers,4
Leyton Orient,Portsmouth FC,4
CSKA Moscow,Everton FC,4
Charlton Athletic,Sheff Wed,4
Sporting CP,Sunderland AFC,4
Exeter City,West Ham United,4
Fulham FC,Scunthorpe Utd.,4
Birmingham City,Blackburn,4
Fulham FC,Stoke City,4
Birmingham City,Bradford,4
Notts County,Portsmouth FC,4
Tottenham Hotspur,Valencia,4
Fulham FC,Rangers,4
Arsenal FC,São Paulo,4
Cardiff,Tottenham Hotspur,4
Arsenal FC,FC Lorient,4
Aston Villa,Olympique Lyon,4
Arsenal FC,FC Schalke 04,4
Ipswich,Wigan Athletic,4
Manchester United,PSV Eindhoven,4
Dundee United,West Ham United,4
Birmingham City,Boston Utd,4
Charlton Athletic,Luton,4
Mansfield Town,Swansea City,4
Charlton Athletic,West Ham,4
Leicester,Swansea City,4
Liverpool FC,Mouscron,4
R. Valladolid B,Watford FC,4
Leicester City,Rangers,4
Portsmouth FC,Swindon Town,4
Ross County,Stoke City,4
Alavés,Newcastle United,4
Northampton,Stoke City,3
Burnley FC,Grimsby Town,3
Shakhtar D.,West Ham United,3
Liverpool FC,Stade Rennais,3
Fleetwood,Sheffield United,3
Bristol City,Leeds United,3
Dynamo Kyiv,West Bromwich Albion,3
Burnley FC,Newcastle,3
Inter,Leeds United,3
Arsenal FC,Stoke City,3
Chelsea FC,Colchester Utd.,3
FC Aarau,Liverpool FC,3
Shamrock Rovers,Tottenham Hotspur,3
Cambridge Utd.,Coventry City,3
Manchester City,RB Leipzig,3
Chelsea FC,Chievo Verona,3
1. FC Köln,Fulham FC,3
Newcastle U21,Newcastle United,3
Boro Res.,Middlesbrough FC,3
Chelsea FC,Chelsea Res.,3
Cardiff,Charlton Athletic,3
Middlesbrough FC,Swansea,3
Burnley FC,Hamilton Acad.,3
Burnley FC,Derby,3
Bolton Wanderers,Sunderland,3
Standard Liège,Tottenham Hotspur,3
Fulham FC,Fulham FC U21,3
Fulham FC,G. Bordeaux,3
Hibernian FC,Manchester City,3
Cardiff,Coventry City,3
Blackburn Rovers,Wycombe,3
Ipswich Town,Spurs,3
Rochdale,Sunderland AFC,3
Swansea City,Swansea U21,3
Charlton,Swansea City,3
Man City,Swansea City,3
Estudiantes,Fulham FC,3
Bayern Munich,Manchester City,3
Birmingham,Charlton Athletic,3
Charlton Athletic,Portsmouth,3
Brighton,Wolverhampton Wanderers,3
Fulham FC,Liverpool,3
Liverpool,Wimbledon FC,3
Bournemouth,Leeds United,3
Sheff Wed,Wolverhampton Wanderers,3
Chelsea FC,Swindon Town,3
Leyton Orient,Wigan Athletic,3
Birmingham City,Liverpool,3
Bournemouth,Wimbledon FC,3
Chelsea FC,Dundee FC,3
Coventry City,Liverpool,3
Aston Villa,Feyenoord,3
Brighton,Manchester United,3
Derby,Portsmouth FC,3
Brighton & Hove Albion,F. Düsseldorf,3
Manchester City,Santos Laguna,3
Argentinos Jrs.,Brighton & Hove Albion,3
Bay. Leverkusen,Portsmouth FC,3
Retired,Wolverhampton Wanderers,3
Coventry City,Rangers,3
Brighton & Hove Albion,FC Viitorul,3
FC Porto,Tottenham Hotspur,3
Blackburn,Fulham FC,3
Coventry City,Unknown,3
Birmingham City,Plymouth,3
Portsmouth,Wimbledon FC,3
Maldonado,West Ham United,3
Red Star,Wolverhampton Wanderers,3
Spartak Moscow,Tottenham Hotspur,3
Coventry City,Hull City,3
Leeds,West Ham United,3
Scunthorpe Utd.,Wolverhampton Wanderers,3
Celtic,Coventry City,3
Coventry City,Plymouth,3
Grimsby Town,Portsmouth FC,3
Manchester City,Sporting CP,3
Birmingham City,Racing,3
Alavés,West Ham United,3
Carlisle United,Leeds United,3
Leeds United,Oxford United,3
AFC Bournemouth,Atlanta,3
Barnsley FC,Wolverhampton Wanderers,3
Norwich City,Sunderland,3
Cardiff,Sheffield United,3
Everton FC,Sporting CP,3
Fulham FC,Luton,3
Bolton Wanderers,Real Madrid,3
Bolton Wanderers,Paris SG,3
Liverpool,Norwich City,3
Real Zaragoza,Stoke City,3
Bolton Wanderers,Bristol City,3
Rangers,Stoke City,3
AC Milan,Queens Park Rangers,3
Luton,West Ham United,3
Leeds United,Notts County,3
LOSC Lille,Tottenham Hotspur,3
Arsenal FC,Werder Bremen,3
Paris SG,West Bromwich Albion,3
Fulham FC,Preston,3
Manchester City,Rosenborg,3
Bolton Wanderers,Norwich,3
Fulham,Hull City,3
Bor. Dortmund,Manchester City,3
Bristol Rovers,Manchester City,3
Chelsea FC,Inter Zapresic,3
Bristol City,Ipswich Town,3
CSKA Moscow,Chelsea FC,3
Wigan,Wolverhampton Wanderers,3
Bournemouth,Wolverhampton Wanderers,3
Bay. Leverkusen,Chelsea FC,3
Brighton & Hove Albion,Watford,3
Gillingham FC,Wolverhampton Wanderers,3
Hull City,Wolverhampton Wanderers,3
Manchester City,Paris SG,3
Hull City,Middlesbrough,3
Fulham,Wolverhampton Wanderers,3
Norwich City,Preston,3
SC Bastia,Sunderland AFC,3
BSC Young Boys,Hull City,3
Notts County,Southampton FC,3
Hibernian FC,Sunderland AFC,3
Blackburn Rovers,Sheff Wed,3
Kilmarnock FC,Sunderland AFC,3
Ipswich,Queens Park Rangers,3
Hull City,Leicester,3
Arsenal FC,Coventry,3
Stoke City,VfL Wolfsburg,3
Cheltenham,Tottenham Hotspur,3
Fulham FC,Woking,3
KAS Eupen,Watford FC,3
Bolton Wanderers,Scunthorpe Utd.,3
Brighton,West Ham United,3
Real Madrid,West Ham United,3
Blackburn Rovers,Marseille,3
Fulham,Queens Park Rangers,3
Fulham,Stoke City,3
AC Ajaccio,Liverpool FC,3
Enppi SC,Sunderland AFC,3
Manchester United,Sampdoria,3
Chelsea FC,Stade Rennais,3
Brescia,West Ham United,3
Blackburn Rovers,Olympiacos,3
Ajax,Liverpool FC,3
Leeds United,Walsall,3
Aston Villa,Tamworth,3
Blackburn Rovers,Rotherham,3
Newcastle United,Sporting CP,3
Everton FC,Kilmarnock FC,3
Brighton & Hove Albion,West Brom,3
FC Schalke 04,Newcastle United,3
Portsmouth FC,Swansea,3
Celta de Vigo,Middlesbrough FC,3
Reading,West Bromwich Albion,3
Fulham FC,Tigres UANL,3
Anzhi,Chelsea FC,3
FC Metz,Southampton FC,3
AC Milan,Manchester City,3
Southampton FC,Swansea,3
Hull City,York City,3
Levante,Manchester City,3
Blackburn Rovers,Galatasaray,3
Dundee United,Norwich City,3
Blackburn Rovers,Bradford,3
Blackburn Rovers,Chesterfield FC,3
Leicester,Portsmouth FC,3
Birmingham City,Colchester Utd.,3
Birmingham City,Sheff Wed,3
Hull City,Man Utd,3
Suwon Bluewings,Wigan Athletic,3
Tottenham Hotspur,Woking,3
Everton FC,Shrewsbury,3
Grimsby Town,Manchester City,3
Chelsea FC,Sigma Olomouc,3
AEK Larnaca,Swansea City,3
Norwich City,Wrexham,3
Arsenal,Charlton Athletic,3
FC Schalke 04,Norwich City,3
Spurs,Swindon Town,3
Charlton,Hull City,3
Reading,Wolverhampton Wanderers,3
Middlesbrough FC,Without Club,3
KV Mechelen,Manchester City,3
Chelsea FC,RB Leipzig,3
Crystal Palace,Swansea City,3
Manchester United,Villarreal,3
Queens Park Rangers,Sheff Wed,3
Leeds United,Millwall,3
Charlton,Southampton FC,3
AC Parma,Blackburn Rovers,3
Arsenal FC,Spurs,3
Newcastle,Queens Park Rangers,3
AC Milan,Aston Villa,3
Benfica,Swansea City,3
Charlton Athletic,Kilmarnock FC,3
Fulham FC,Plymouth,3
Aston Villa,Dinamo Zagreb,3
Middlesbrough FC,Tranmere Rovers,3
Chelsea FC,Huddersfield,3
Fulham FC,Sunderland,3
Fulham FC,Sutton Utd,3
Brann,West Ham United,3
Doncaster,West Ham United,3
Liverpool FC,SSC Napoli,3
Nottm Forest,Stoke City,3
Crewe Alexandra,Middlesbrough FC,3
Sheffield Wednesday,Wolves,3
Fulham FC,Seattle,3
Everton FC,Galatasaray,3
RCD Mallorca,West Bromwich Albion,3
Birmingham City,Lens,3
FC Porto,West Bromwich Albion,3
Derby,Sheffield Wednesday,3
Arsenal,Wolverhampton Wanderers,3
Celtic,Sunderland AFC,3
AS Nancy,Queens Park Rangers,3
Leyton Orient,Swindon Town,3
ADO Den Haag,Sheffield United,3
Livingston FC,Manchester United,3
Swansea City,Watford,3
Blackpool,Queens Park Rangers,3
Manchester City,Real Betis,3
Manchester City,Poli. Timisoara,3
Charlton,West Bromwich Albion,3
AEK Athens,Liverpool FC,3
St. Johnstone,West Bromwich Albion,3
Liverpool FC,Málaga CF,3
Villarreal,West Bromwich Albion,3
Juventus U19,Tottenham Hotspur,3
Altrincham,Manchester United,3
Fulham FC,Gillingham FC,3
Birmingham City,Derby,3
Brighton & Hove Albion,Charlton,3
Brighton & Hove Albion,Huddersfield,3
Blackburn Rovers,Swansea,3
Estoril Praia,Wolverhampton Wanderers,3
Liverpool FC,VfL Wolfsburg,3
Liverpool FC,RSC Anderlecht,3
Rayo Vallecano,Tottenham Hotspur,3
Arsenal,Tottenham Hotspur,3
Liverpool FC,Nacional,3
Coventry City,Port Vale,3
AS Roma,Manchester United,3
Brighton & Hove Albion,Lech Poznan,3
Arsenal FC,Colorado,3
Bolton Wanderers,Silkeborg IF,3
Bolton Wanderers,Gillingham FC,3
Real Betis,Tottenham Hotspur,3
Kayserispor,Sunderland AFC,3
Al-Ain FC,Sunderland AFC,3
Manchester United,Marseille,3
Career break,Chelsea FC,3
AS Roma,Leeds United,3
Estudiantes,Wigan Athletic,3
Bolton,Wigan Athletic,3
Wigan Athletic,Wigan U23,3
Leeds United,Rochdale,3
Arsenal FC,Fluminense,3
Internacional,Newcastle United,3
Celtic,West Bromwich Albion,3
Brighton & Hove Albion,Legia Warszawa,3
FC Lorient,Liverpool FC,3
Norwich City,Sheff Utd,3
Ipswich Town,Retired,3
Newcastle,Swansea City,3
IK Start,Leeds United,3
Chelsea FC,Leyton Orient,3
AJ Auxerre,Arsenal FC,3
Liverpool FC,Panathinaikos,3
Arsenal FC,Spartak Moscow,3
Liverpool FC,Sheff Wed,3
Luton,Queens Park Rangers,3
Ayr United,Leeds United,3
Reading FC,Southampton,3
Reading FC,Sheff Utd,3
Middlesbrough FC,Spurs,3
Reading FC,Swindon Town,3
Everton FC,Málaga CF,3
Dinamo Zagreb,Manchester United,3
Juventus,Manchester United,3
Manchester United,Vojvodina,3
Ajax,Manchester United,3
Degerfors,Tottenham Hotspur,3
Chelsea,Leeds United,3
Manchester United,OGC Nice,3
Reading FC,West Brom,3
Brighton & Hove Albion,Peterborough,3
Leicester City,Man Utd,3
Portsmouth FC,QPR,3
Manchester United,Shrewsbury,3
Leicester City,West Ham,3
Leicester City,Plymouth,3
1.FSV Mainz 05,Huddersfield Town,3
Brighton & Hove Albion,Independiente,3
Benfica,Liverpool FC,3
Brentford FC,Viking FK,3
Chelsea FC,Willem II,3
Hereford Utd.,West Ham United,3
Chelsea FC,Udinese Calcio,3
FC Schalke 04,Liverpool FC,3
Chelsea FC,OFK Beograd,3
Le Mans UC 72,Liverpool FC,3
Heerenveen,Manchester City,3
Charlton Athletic,Everton,3
Charlton Athletic,Southend United,3
RSC Anderlecht,West Ham United,3
Scunthorpe Utd.,West Bromwich Albion,3
Bari,Tottenham Hotspur,3
Liverpool FC,Twente FC,3
Charlton Athletic,Crystal Palace,3
Fulham,Swansea City,3
Coventry City,Portsmouth,3
Chelsea FC,Dinamo Moscow,3
Northampton,Southampton FC,3
Bor. Dortmund,Everton FC,3
SSC Napoli,Swansea City,3
RCD Mallorca,Watford FC,3
Oxford United,Sheffield Wednesday,3
Bristol City,Stoke City,3
Getafe,Watford FC,3
Bolton Wanderers,Lens,3
Ipswich Town,Scunthorpe Utd.,3
Arsenal FC,Shrewsbury,3
Reading FC,Wycombe,3
Aston Villa,Torquay,3
Aston Villa,FC Porto,3
Bradford,Huddersfield Town,3
Waterford Utd,West Ham United,3
Corinthians,West Ham United,3
Arsenal FC,Wycombe,3
Fulham,Watford FC,3
Burnley FC,Oldham Athletic,3
Portsmouth,Sheffield Wednesday,3
Burnley FC,Southport,3
Castel di Sangro,Chelsea FC,3
Burnley FC,Man Utd U21,3
Burnley FC,West Brom,3
Bolton,Burnley FC,3
Brentford FC,FC Midtjylland,3
Mansfield Town,West Bromwich Albion,3
Aston Villa,Valencia,3
Arsenal FC,FC Midtjylland,3
Bradford City,Sheff Wed,3
Arsenal FC,OGC Nice,3
Birmingham,Brighton & Hove Albion,3
Celtic,Crystal Palace,3
AC Parma,Chelsea FC,3
Everton,Hull City,3
Fulham,Manchester City,3
Retired,Watford FC,3
Birmingham,Sheffield Wednesday,3
Bristol City,West Ham United,3
Ban,West Ham United,3
Charlton Athletic,Newcastle,3
Arsenal FC,Sheff Wed,3
Hull City,Southampton,3
Leeds United,Vitesse,3
Feyenoord,Watford FC,3
Blackpool,Hull City,3
Dundee United,Hull City,3
Arsenal FC,Blackburn,3
Olympique Lyon,Portsmouth FC,3
Colchester Utd.,Derby County,3
Aarhus GF,Everton FC,3
Everton FC,Trabzonspor,3
Cheltenham,Southampton FC,3
Arsenal FC,Aston Villa,3
Chelsea FC,Marítimo,3
Arsenal FC,Celtic,3
Blackpool,West Ham United,3
Brescia,Brighton & Hove Albion,3
Brighton & Hove Albion,Sheff Utd,3
E. Frankfurt,Leeds United,3
Barnsley FC,Blackburn Rovers,3
Blackburn Rovers,Bolton,3
Brighton & Hove Albion,Without Club,3
Loko Moscow,Reading FC,3
Middlesbrough,Newcastle United,3
Arsenal FC,Vitesse,3
Nottingham Forest,Oxford United,3
Newcastle United,Wimbledon FC,3
Barnet,Wigan Athletic,3
Cambridge Utd.,Watford FC,3
Tranmere Rovers,Wigan Athletic,3
Spurs,Watford FC,3
AFC Bournemouth,Retired,3
Huddersfield Town,Middlesbrough,3
AFC Bournemouth,Huddersfield,3
AFC Bournemouth,Luton,3
Notts County,Sheffield United,3
Manchester City,Port Vale,3
AFC Bournemouth,York City,3
Southampton FC,Univ. Craiova,3
Everton FC,RB Leipzig,3
Oldham Athletic,Sheffield Wednesday,3
Atl. Nacional,Watford FC,3
Leicester City,Portsmouth,3
Celtic,Wigan Athletic,3
Hapoel Tel Aviv,Wigan Athletic,3
Portsmouth FC,Real Sociedad,3
Barnsley FC,Bolton Wanderers,3
Coventry City,Fulham,3
AFC Bournemouth,Blackburn,3
CSKA Moscow,Leicester City,3
Benfica,Manchester United,3
Leicester City,OGC Nice,3
Arsenal FC,Dep. La Coruña,3
Aston Villa,Huddersfield,3
Manchester United,Parma,3
AS Roma,Watford FC,3
Brighton & Hove Albion,Ipswich,3
SSC Napoli,Watford FC,3
Watford FC,Wigan,3
IFK Göteborg,Watford FC,3
Barcelona,Watford FC,3
Newcastle,Southampton FC,3
LOSC Lille,Swansea City,3
Leicester City,TSG Hoffenheim,3
Liverpool FC,Red Star,3
MK Dons,Watford FC,3
Norwich City,PAOK Salonika,3
Maccabi Haifa,West Ham United,3
Motherwell FC,Tottenham Hotspur,3
Dinamo Tbilisi,Manchester City,3
Barcelona,Tottenham Hotspur,3
Parma,Watford FC,3
AS Roma,Blackburn Rovers,3
Newcastle United,Sparta Prague,3
Blackburn Rovers,St. Johnstone,3
Blackburn Rovers,Charlton,3
FC Porto,Watford FC,3
Leeds United,Retired,3
Stevenage,Watford FC,3
Everton FC,Grimsby Town,3
Crystal Palace,Watford FC,3
Leicester,Wigan Athletic,3
Arsenal FC,Sporting CP,3
Aston Villa,LOSC Lille,3
Arsenal FC,Carlisle United,3
CD Leganés,Chelsea FC,3
Northampton,Wimbledon FC,3
Chelsea U23,Crystal Palace,3
Paris SG,Tottenham Hotspur,3
Boca Juniors,Newcastle United,3
Crystal Palace,Swansea,3
Feyenoord,Newcastle United,3
Coventry City,Southampton,3
Alavés,Manchester City,3
Derby,Sheffield United,3
Coventry City,Reading,3
Manchester City,Monaco,3
Scunthorpe Utd.,Sheffield United,3
Luton,Manchester United,3
Chelsea FC,FC Nantes,3
Luton,Watford FC,3
Brighton,Wimbledon FC,3
Bradford,Leicester City,3
Middlesbrough FC,Nottm Forest,3
FC Porto,Manchester United,3
Bay. Leverkusen,Stoke City,3
Chelsea U23,Southampton FC,3
Millwall,Nottingham Forest,3
Newcastle United,Southampton,3
1.FSV Mainz 05,Liverpool FC,3
Arsenal,Aston Villa,3
Aberdeen FC,Middlesbrough FC,3
Colchester Utd.,Reading FC,3
Sevilla FC,West Ham United,3
Saint-Étienne,Swansea City,3
Flamengo,Manchester City,3
West Ham United,Wimbledon FC,3
Fleetwood,Leicester City,3
Atlético-MG,Chelsea FC,3
Bolton Wanderers,Southend United,3
Arsenal,Blackburn Rovers,3
Southampton FC,Wrexham,3
Portsmouth,Southampton FC,3
Bor. M'gladbach,Newcastle United,3
Arsenal FC,SSC Napoli,3
Spurs,West Bromwich Albion,3
Blackburn,Crystal Palace,3
Fulham FC,Newcastle,3
Marseille,Swansea City,3
Al-Jazira,West Ham United,3
Juventus,West Ham United,3
Bromley,Crystal Palace,3
Chesterfield FC,Wigan Athletic,3
Hibernian FC,Manchester United,3
Leicester City,Torquay,3
Crystal Palace,Derby,3
Birmingham City,Wolves,3
QPR,Swansea City,3
Oldham Athletic,Swansea City,3
Shakhtar D.,Wigan Athletic,3
Leicester City,Rotherham,3
Bolton Wanderers,Macclesfield,3
Fulham FC,Leeds,3
FC Sochaux,Liverpool FC,3
Stoke City,West Bromwich Albion,3
Manchester City,Sandefjord,3
Brighton & Hove Albion,Chelsea U23,3
Espanyol,West Ham United,3
Real Betis,Swansea City,3
Charlton Athletic,Rangers,3
Getafe,Swansea City,3
Barcelona,Wolverhampton Wanderers,3
AFC Bournemouth,Sheff Utd,3
Bolton,Charlton Athletic,3
Fulham FC,Swansea,3
Arsenal FC,Wigan,3
Austria Vienna,Manchester City,3
Hajduk Split,Manchester City,3
Man City,West Bromwich Albion,3
Arsenal FC,Cannes,3
Bristol Rovers,West Ham United,3
Barnet,Norwich City,3
Leeds United,Sheff Wed,3
Dulwich Hamlet,Tottenham Hotspur,3
Crewe Alexandra,Sheffield Wednesday,3
Chelsea FC,Hibernian FC,3
Lazio,Newcastle United,3
Leicester City,Liverpool,3
CD América,Watford FC,3
Leeds United,QPR,3
Newcastle United,SD Eibar,3
Saint-Étienne,Sunderland AFC,3
Chelsea FC,VfB Stuttgart,3
Blackburn Rovers,MK Dons,3
Benfica,Everton FC,3
Marseille,Queens Park Rangers,3
Bor. Dortmund,Newcastle United,3
Everton FC,Lens,3
Birmingham,Cardiff City,3
Queens Park Rangers,St. Johnstone,3
Queens Park Rangers,Toronto,3
Besiktas,Fulham FC,3
Atlético Madrid,West Bromwich Albion,3
Chelsea,Sunderland AFC,3
Blackburn Rovers,Fulham,3
Aston Villa,Norwich City,3
G. Bordeaux,Sunderland AFC,3
Preston,Sheffield United,3
Bolton Wanderers,Plymouth,3
Bradford City,Wigan,3
Charlton Athletic,Leicester,3
Arsenal,Brighton & Hove Albion,3
Blackpool,Charlton Athletic,3
Manchester City,Red Star,3
Aston Villa,Hansa Rostock,3
Sunderland,Swansea City,3
Queens Park Rangers,Retired,3
Charlton Athletic,Leeds,3
Blackburn Rovers,Perugia,3
Burnley FC,Spurs,3
Leicester City,Sheff Wed,3
Charlton,Leicester City,3
Sunderland AFC,Swansea,3
Blackburn Rovers,Cheltenham,3
Liverpool FC,Recr. Huelva,3
Leicester City,Nuneaton,3
QPR,Wigan Athletic,3
Southampton B,Southampton FC,3
AFC Bournemouth,Nottm Forest,3
Coventry City,Hibernian FC,3
AFC Bournemouth,Toulouse,3
El Ahly,West Bromwich Albion,3
Newcastle United,Olympique Lyon,3
FC Augsburg,Sunderland AFC,3
Cambridge Utd.,Ipswich Town,3
Ipswich Town,Wimbledon FC,3
West Bromwich Albion,West Ham,3
Manchester City,Willem II,3
Birmingham,Nottingham Forest,3
Middlesbrough FC,Scarborough,3
Juventus,Manchester City,3
Everton FC,MK Dons,3
Blackburn Rovers,Malmö FF,3
Boston Utd,Swansea City,3
Leicester City,SC Freiburg,3
Arsenal FC,Barnsley FC,3
Manchester City,Millwall,3
Man Utd,Manchester City,3
Royal Antwerp,Tottenham Hotspur,3
Bay. Leverkusen,Leicester City,3
Ajax,Derby County,3
Tottenham Hotspur,Tottenham U21,3
Liverpool FC,York City,3
Arsenal FC,Hamburger SV,3
Bor. M'gladbach,Tottenham Hotspur,3
Arsenal FC,Olympiacos,3
1.FC Nuremberg,Arsenal FC,3
Everton,Middlesbrough FC,3
Bristol City,Everton FC,3
Lazio,Southampton FC,3
Arsenal FC,Hibernian FC,3
Chelsea FC,Yeovil Town,3
Celtic,Nottingham Forest,3
Benfica,West Bromwich Albion,3
Anzhi,Manchester City,3
Crystal Palace,Dundee FC,3
Cambridge Utd.,Norwich City,3
Liverpool FC,Saint-Étienne,3
Chelsea FC,Saint-Étienne,3
Cambridge Utd.,Newcastle United,3
Derby County,Norwich,3
Everton FC,Olympiacos,3
AFC Wimbledon,Crystal Palace,3
Lazio,Norwich City,3
FC Augsburg,West Ham United,3
Derby County,QPR,3
Burnley FC,Rangers,3
Atlético Madrid,Middlesbrough FC,3
Monaco,Wolverhampton Wanderers,3
Bradford,Ipswich Town,3
Crystal Palace,West Brom,3
Middlesbrough FC,Siena,3
Benfica,Wolverhampton Wanderers,3
Arsenal,Crystal Palace,3
Crystal Palace,Huddersfield,3
Arsenal FC,Corinthians,3
Burnley FC,Northampton,3
Villarreal,Wigan Athletic,3
Portsmouth,Sunderland AFC,3
Birmingham City,Dep. La Coruña,3
Brighton & Hove Albion,PSV Eindhoven,3
Burnley FC,F. Düsseldorf,3
Manchester City,Torino,3
Derby County,Wolves,3
Everton,Wigan Athletic,3
Sheffield Wednesday,Southampton,3
Real Betis,Sunderland AFC,3
Man City,Manchester United,3
G. Bordeaux,Manchester United,3
AFC Bournemouth,Brighton,3
Toronto,Tottenham Hotspur,3
Oldham Athletic,Oldham U18,3
ADO Den Haag,Tottenham Hotspur,3
Burnley FC,Chesterfield FC,3
Juventus,Southampton FC,3
Philadelphia,Stoke City,3
Burnley FC,Sheff Utd,3
Burnley FC,Doncaster,3
Luton,Norwich City,3
West Ham,Wigan Athletic,3
Coventry,Swansea City,3
Leicester City,Oxford United,3
Falkirk,Swansea City,3
Fulham,Wigan Athletic,3
Norrköping,West Ham United,3
Everton FC,Strømsgodset,3
Portsmouth FC,Portsmouth U21,3
Burnley FC,Burton Albion,3
Newcastle United,RCD Mallorca,3
Aston Villa,MK Dons,3
Eastleigh,Southampton FC,3
Hull City,Scunthorpe Utd.,3
Leeds United,Wigan,3
Sunderland AFC,Swindon Town,3
Kilmarnock FC,Newcastle United,3
AC Parma,Leeds United,3
Exeter City,Southampton FC,3
Colchester Utd.,Wolverhampton Wanderers,3
Hellas Verona,Manchester City,3
Molde,Southampton FC,3
Benfica,Southampton FC,3
Portsmouth FC,Zulte Waregem,3
Birmingham City,Leyton Orient,3
Gillingham FC,Leeds United,3
Southampton FC,Unknown,3
Burnley FC,Leeds,3
Burton Albion,Sunderland AFC,3
Tottenham Hotspur,Wimbledon FC,3
Southampton FC,Woking,3
Crystal Palace,Inter,3
Panathinaikos,Sunderland AFC,3
Blackburn Rovers,Bristol City,3
Dijon,Newcastle United,3
Carlisle United,Wigan Athletic,3
Crystal Palace,Luton,3
Hamburger SV,Manchester City,3
Southampton,Sunderland AFC,3
Sint-Truiden,Wolverhampton Wanderers,3
AZ Alkmaar,Hull City,3
Hull City,Hull U23,3
Aston Villa,Birmingham City,3
Birmingham,Hull City,3
Cardiff City,Man Utd,3
Norwich City,Stevenage,3
Cardiff,Hull City,3
Hvidovre,Liverpool FC,3
Crystal Palace,Derby County,3
Liverpool FC,Wimbledon FC,3
Blackburn Rovers,Colchester Utd.,3
Bor. Dortmund,Liverpool FC,3
Crystal Palace,Dover Athletic,3
Hartlepool,Liverpool FC,3
1.FSV Mainz 05,Crystal Palace,3
Rotherham,Sheffield Wednesday,3
Darlington,Everton FC,3
Leeds United,Rotherham,3
Leeds United,Leicester,3
Karlsruher SC,Norwich City,2
Barnsley FC,Watford FC,2
Hibernian FC,Norwich City,2
Chesterfield FC,Sheffield United,2
AC Ajaccio,Manchester City,2
Retired,Sheffield United,2
Córdoba CF,Liverpool FC,2
Arsenal FC,Hertha BSC,2
Aston Villa,Reading,2
Doncaster,Watford FC,2
Charlton Athletic,Peñarol,2
St. Mirren,Wolverhampton Wanderers,2
Fulham FC,Lillestrøm,2
Kansas City,West Ham United,2
Portsmouth FC,Sporting CP,2
Brighton & Hove Albion,LDU Quito,2
Atalanta BC,Tottenham Hotspur,2
Aris Saloniki,Fulham FC,2
Bristol City,Reading FC,2
Torquay,Tottenham Hotspur,2
Leeds,Reading FC,2
Bristol City,Burnley FC,2
MK Dons,Reading FC,2
Fenerbahce,Watford FC,2
Aston Villa,Plymouth,2
Gillingham FC,Watford FC,2
Brighton & Hove Albion,Nottm Forest,2
Brighton & Hove Albion,Cincinnati,2
Grasshoppers,West Ham United,2
Cheltenham,Watford FC,2
CSKA-Sofia,Watford FC,2
ADO Den Haag,Brighton & Hove Albion,2
Preston,West Ham United,2
Darlington,Liverpool FC,2
Villarreal,West Ham United,2
Oldham Athletic,Wigan Athletic,2
Blackburn Rovers,PSV Eindhoven,2
Ebbsfleet,Wolverhampton Wanderers,2
Aston Villa,Toulouse,2
Manchester City,River Plate,2
SD Huesca,Wolverhampton Wanderers,2
Bristol Rovers,Charlton Athletic,2
Sparta R.,Watford FC,2
ADO Den Haag,Leicester City,2
Fulham FC,Leyton Orient,2
CC Yatai,Sheffield United,2
Norwich City,QPR,2
Bay. Leverkusen,Sheffield United,2
Norwich City,SC Paderborn,2
Juventus,Tottenham Hotspur,2
Fulham FC,Shakhtar D.,2
Huddersfield,Sheffield United,2
Limerick FC,Reading FC,2
FC Sochaux,Norwich City,2
Arsenal FC,Blackpool,2
Northampton,Sheffield United,2
Everton FC,Loko Moscow,2
Atlético Madrid,Everton FC,2
FC Porto B,Norwich City,2
Aston Villa,Leyton Orient,2
FC Metz,Tottenham Hotspur,2
Crystal Palace,Sheffield United,2
Fulham FC,Germ. Beerschot,2
Aston Villa,Ilkeston Town,2
Torino,West Ham United,2
Arsenal FC,CA Osasuna,2
AO Kavala,Liverpool FC,2
Chelsea FC,PAOK Salonika,2
Leeds United,Salford,2
Birmingham City,CD Olimpia,2
Birmingham City,Celta de Vigo,2
Birmingham City,Gretna FC,2
Leeds United,Lincoln City,2
Leeds United,UD Logroñés,2
Southampton,Stoke City,2
Newcastle,Stoke City,2
Birmingham City,Shrewsbury,2
AS Roma,Leicester City,2
Birmingham City,LOSC Lille,2
Internacional,Manchester United,2
Manchester United,Panathinaikos,2
Liverpool FC,Zenit S-Pb,2
FC Wacker,Liverpool FC,2
Crewe U18,Stoke City,2
Rochdale,Tottenham Hotspur,2
Everton FC,Valencia,2
Arsenal Res.,West Bromwich Albion,2
Cambridge Utd.,Reading FC,2
FC Lorient,Leeds United,2
Falkirk,Sunderland AFC,2
Liverpool FC,Northampton,2
Club Brugge,Manchester United,2
Bolton,Fulham FC,2
Fulham FC,Wellington P.,2
Chelsea FC,Granada CF,2
Elche CF,Tottenham Hotspur,2
Blackpool,Stoke City,2
Crystal Palace,Fortuna Sittard,2
1.FC K'lautern,Fulham FC,2
Stade Rennais,Wigan Athletic,2
Charlton,Wigan Athletic,2
Altrincham,Wigan Athletic,2
Leeds United,Valencia,2
KV Kortrijk,Manchester City,2
Rochdale,Wigan Athletic,2
Wigan Athletic,Zenit S-Pb,2
Derby County,Plymouth,2
Fulham FC,Huddersfield,2
Derby County,Luton,2
Cork City,Sunderland AFC,2
Plymouth,Sunderland AFC,2
IFK Göteborg,Sunderland AFC,2
Reading FC,Rush. & Diamon.,2
Eastleigh,Reading FC,2
Aberdeen FC,West Bromwich Albion,2
Arsenal FC,Scunthorpe Utd.,2
Gainsborough,Wigan Athletic,2
Manchester United,Werder Bremen,2
Kayserispor,Wigan Athletic,2
Birmingham City,Norwich,2
Chelsea,Sheffield United,2
Wigan Athletic,Zamalek,2
Hereford Utd.,Manchester United,2
Chelsea FC,Sporting CP,2
Career break,Newcastle United,2
Southampton FC,Stade Brestois,2
Northampton,West Bromwich Albion,2
FC Cartagena,Liverpool FC,2
Everton FC,Standard Liège,2
Kilmarnock FC,Sheffield United,2
Everton FC,Red Star,2
Accrington,Everton FC,2
Grays Athletic FC,Tottenham Hotspur,2
Audax Italiano,Blackburn Rovers,2
MK Dons,Manchester City,2
Manchester City,Morecambe FC,2
Sporting CP,West Bromwich Albion,2
Northwich Vic,Wigan Athletic,2
AC Milan,Manchester United,2
NEC Nijmegen,Wigan Athletic,2
Getafe,Manchester City,2
Seongnam Ilhwa,West Bromwich Albion,2
Reading FC,Torquay,2
Crystal Palace,Reading FC,2
Fulham FC,NEC Nijmegen,2
Preston,Reading FC,2
FC Porto,West Ham United,2
Aris Saloniki,West Ham United,2
Bolton Wanderers,Racing,2
Bolton Wanderers,Watford,2
Bolton Wanderers,Toulouse,2
Dundee United,Sunderland AFC,2
Lincoln City,West Bromwich Albion,2
Derry City,Sunderland AFC,2
BSC Young Boys,Fulham FC,2
Chesterfield FC,Sunderland AFC,2
FC Utrecht,Manchester City,2
Chelsea U23,West Bromwich Albion,2
Manchester City,Rio Ave FC,2
Chelsea FC,Cukaricki,2
Fulham FC,Melbourne,2
Real Sociedad,Wolverhampton Wanderers,2
Halifax Town,Sheffield United,2
Cardiff,Leeds United,2
Bradford,Charlton Athletic,2
FC Copenhagen,Fulham FC,2
Newcastle United,Standard Liège,2
Portsmouth FC,Woking,2
Macclesfield,Portsmouth FC,2
Crystal Palace,Waasl.-Beveren,2
IK Start,Wigan Athletic,2
Al-Hilal SFC,Fulham FC,2
Fulham FC,Rotherham,2
Bayern Munich,Manchester United,2
Hednesford,Sheffield United,2
Fulham FC,Inter,2
Bolton Wanderers,Zenit S-Pb,2
Sheffield United,Yeovil Town,2
Stockport,Watford FC,2
Brighton & Hove Albion,Celtic,2
Boston Utd,Watford FC,2
Bradford,Watford FC,2
Grays Athletic FC,Watford FC,2
Barrow,Leeds United,2
Colchester Utd.,Manchester City,2
Hull City,Middlesbrough FC,2
Boston Utd,Middlesbrough FC,2
Norwich City,Werder Bremen,2
Crewe Alexandra,Watford FC,2
Hemel,Watford FC,2
Mansfield Town,Newcastle United,2
Aldershot,Watford FC,2
Cardiff,Watford FC,2
Manchester United,SC Braga,2
Leicester City,Southampton,2
Manchester United,Wycombe,2
Helsingborg,Manchester United,2
AE Larisa,Hull City,2
Everton FC,Wrexham,2
Burscough FC,Stoke City,2
Liverpool FC,Sampdoria,2
Liverpool FC,Ross County,2
Ajax,Brighton & Hove Albion,2
Bolton Wanderers,Levante,2
Accrington,Bolton Wanderers,2
Bolton Wanderers,Stafford Rangers,2
Chelsea FC,Flamengo,2
QPR,Sunderland AFC,2
Valencia,Wolverhampton Wanderers,2
Bury,Hull City,2
Crewe Alexandra,Reading FC,2
Gillingham FC,Reading FC,2
Fulham,Portsmouth FC,2
Crystal Palace,Portsmouth FC,2
Brighton & Hove Albion,Swansea,2
Hull City,Preston,2
Doncaster,Hull City,2
Brighton & Hove Albion,Dynamo Kyiv,2
Hull City,Lincoln City,2
Burnley FC,Kayserispor,2
Beerschot V.A.,Brighton & Hove Albion,2
Blackburn Rovers,Gretna FC,2
Chelsea FC,Rotherham,2
Brentford FC,Sheff Utd,2
Manchester City,Reggina,2
Bolton,Hull City,2
Brentford FC,Ipswich,2
Chelsea FC,Genoa,2
Brentford FC,Without Club,2
Brentford FC,SD Huesca,2
Chelsea FC,De Graafschap,2
Aston Villa,Colchester Utd.,2
Reading FC,Walsall,2
Reading FC,Southend United,2
Aston Villa,Wigan Athletic,2
Brighton & Hove Albion,Middlesbrough,2
Grêmio,Liverpool FC,2
Brentford FC,Burton Albion,2
Brighton & Hove Albion,RSC Anderlecht,2
Liverpool FC,MTK U19,2
Liverpool FC,Xerez CD,2
Arsenal FC,Legia Warszawa,2
Hertha BSC,Tottenham Hotspur,2
FC Porto,Portsmouth FC,2
Brentford FC,Bromley,2
Bolton Wanderers,Real Sociedad,2
Bolton Wanderers,Torquay,2
Bolton Wanderers,Darlington,2
Reading FC,Yeovil Town,2
Millwall,Reading FC,2
Brentford FC,Galatasaray,2
Blackburn Rovers,Buxton,2
Brentford FC,Hull City,2
Fiorentina,Wolverhampton Wanderers,2
Burnley FC,Bury,2
Wolverhampton Wanderers,Wolves U23,2
Southampton FC,Twente FC,2
Atlético Madrid,Southampton FC,2
Man Utd,Southampton FC,2
Barcelona,Stoke City,2
Hannover 96,Stoke City,2
Crewe Alexandra,Stoke City,2
Macclesfield,Stoke City,2
Newell's,Sunderland AFC,2
Boston Utd,Sunderland AFC,2
Stade Reims,Sunderland AFC,2
Gimnàstic,Watford FC,2
F. Düsseldorf,Watford FC,2
Oxford United,Watford FC,2
Swansea City,Tranmere Rovers,2
Kilmarnock FC,Watford FC,2
Málaga CF,West Ham United,2
Blackpool,Tottenham Hotspur,2
AFC Bournemouth,Hibernian FC,2
Nuneaton,West Ham United,2
AFC Bournemouth,Seattle,2
Aberdeen FC,Watford FC,2
Al-Ittihad Club,Queens Park Rangers,2
Aston Villa,Spezia Calcio,2
AFC Wimbledon,Queens Park Rangers,2
Hull City,Wolves,2
Leicester City,Rochdale,2
Liverpool FC,Tottenham U21,2
Bologna,Liverpool FC,2
FC Porto,Manchester City,2
LOSC Lille,Manchester City,2
Manchester City,St. Mirren,2
Manchester United,Southampton,2
Newcastle United,Shakhtar D.,2
Fleetwood,Newcastle United,2
Guingamp,Newcastle United,2
Norwich,Queens Park Rangers,2
Dynamo Kyiv,Queens Park Rangers,2
QPR U23,Queens Park Rangers,2
Concord Rangers,Queens Park Rangers,2
Huddersfield,Queens Park Rangers,2
Accrington,Queens Park Rangers,2
Queens Park Rangers,Sevilla FC,2
Queens Park Rangers,Real Sociedad,2
Crawley Town,West Ham United,2
Burnley FC,Carlisle United,2
West Ham U21,West Ham United,2
Bay. Leverkusen,Manchester United,2
Manchester United,Olympique Lyon,2
Crystal Palace,Maidstone,2
Atlético Madrid,Tottenham Hotspur,2
SSC Napoli,Tottenham Hotspur,2
Newcastle United,Slovan Liberec,2
FC Luzern,Liverpool FC,2
FSV Frankfurt,Liverpool FC,2
Heerenveen,Swansea City,2
Bursaspor,Newcastle United,2
Bristol Rovers,Swansea City,2
ADO Den Haag,Swansea City,2
Oxford United,Stoke City,2
Accrington,Newcastle United,2
Fleetwood,Stoke City,2
Bury,Stoke City,2
Crystal Palace,Stevenage,2
Crystal Palace,Preston,2
Crystal Palace,Doncaster,2
Everton FC,River Plate,2
Fenerbahce,Manchester United,2
KRC Genk,Manchester City,2
Hull City,Port Vale,2
Celta de Vigo,Manchester City,2
Cheltenham,Liverpool FC,2
Liverpool FC,Morecambe FC,2
Burton Albion,Liverpool FC,2
Liverpool FC,SD Eibar,2
Córdoba CF,Manchester City,2
Morecambe FC,Queens Park Rangers,2
AFC Bournemouth,Hull City,2
Southampton FC,Werder Bremen,2
Boca Juniors,Southampton FC,2
AFC Bournemouth,AFC Wimbledon,2
Sunderland AFC,Toronto,2
Nottm Forest,Swansea City,2
Al-Hilal SFC,West Bromwich Albion,2
Carlisle United,West Ham United,2
Huddersfield,West Ham United,2
Chelmsford,West Ham United,2
Carpi,Chelsea FC,2
Chelsea FC,NEC Nijmegen,2
C. Rizespor,Crystal Palace,2
Harrogate Town,Hull City,2
Brighton & Hove Albion,St. Mirren,2
Cambridge Utd.,Hull City,2
Coventry,Wolverhampton Wanderers,2
Al-Hilal SFC,Wolverhampton Wanderers,2
Crystal Palace,Mansfield Town,2
Cheltenham,Crystal Palace,2
Fiorentina,Manchester United,2
Chelsea FC,VfL Wolfsburg,2
Chelsea FC,FC Eindhoven,2
Sporting CP,Wolverhampton Wanderers,2
Tottenham Hotspur,Whitehawk,2
Granada CF,Liverpool FC,2
Espanyol,West Bromwich Albion,2
Cheltenham,Swansea City,2
AS Roma,West Ham United,2
SSC Napoli,West Ham United,2
AC Milan,West Ham United,2
Fulham FC,Man Utd U21,2
Cardiff,Stoke City,2
FC Utrecht,Stoke City,2
Aston Villa,Burton Albion,2
Brighton,Sunderland AFC,2
Oxford United,Wolverhampton Wanderers,2
Crystal Palace,Peterborough,2
Alloa Athletic,Hull City,2
Rochdale,Wolverhampton Wanderers,2
Eskisehirspor,Sunderland AFC,2
Cardiff City,Sevilla FC,2
Cardiff City,FC Copenhagen,2
Bournemouth,Cardiff City,2
UD Las Palmas,Wolverhampton Wanderers,2
Kilmarnock FC,Wolverhampton Wanderers,2
Hansa Rostock,Wolverhampton Wanderers,2
Pogon Szczecin,Wolverhampton Wanderers,2
Cardiff City,Yeovil Town,2
Cardiff City,Ross County,2
Plymouth,Wolverhampton Wanderers,2
Cardiff City,Newport County,2
Brighton,Cardiff City,2
El Ahly,Hull City,2
Hull City,Peterborough,2
Hull City,Stevenage,2
Hull City,Portsmouth,2
Hull City,Sheff Wed,2
Falkirk,Wolverhampton Wanderers,2
Fleetwood,Sunderland AFC,2
Genoa,Sunderland AFC,2
Port Vale,Sunderland AFC,2
Cardiff City,Molde,2
Burnley FC,York City,2
Burnley FC,Scunthorpe Utd.,2
Besiktas,Chelsea FC,2
1. FC Köln,Chelsea FC,2
CD Tenerife,Chelsea FC,2
Chelsea FC,U. de Chile,2
AC Arles,Chelsea FC,2
Chelsea FC,Elche CF,2
Chelsea FC,Rayo Vallecano,2
Huddersfield Town,Stoke City,2
Crystal Palace,Fleetwood,2
Crystal Palace,Heart of Midl.,2
Crystal Palace,Yeovil Town,2
Everton FC,Everton U21,2
Brighton & Hove Albion,Extremadura,2
Everton FC,Telford Utd,2
Everton FC,Hibernian FC,2
Hull City,West Ham,2
Brighton & Hove Albion,Bristol City,2
Huddersfield Town,Notts County,2
Burnley FC,Lincoln City,2
Burnley FC,Chester,2
Crystal Palace,Notts County,2
Cardiff City,Stoke City,2
Cardiff City,Sheff Wed,2
Cardiff City,Wigan,2
Hull City,West Brom,2
Southampton FC,Telstar,2
Hull City,Tamworth,2
Hull City,Leeds,2
Crystal Palace,Harrow Borough,2
Crystal Palace,Leicester,2
Huddersfield Town,Shrewsbury,2
Burton Albion,Southampton FC,2
Barnet,Crystal Palace,2
Arsenal FC,UD Almería,2
Arsenal FC,Twente FC,2
Aston Villa,K. Erciyesspor,2
Aston Villa,Hellas Verona,2
Burnley FC,Middlesbrough,2
Burnley FC,Wolves,2
Fenerbahce,Leicester City,2
Burnley FC,Dover Athletic,2
Estudiantes,Manchester United,2
Brighton & Hove Albion,Bury,2
AFC Bournemouth,Arsenal,2
AFC Bournemouth,Stoke City,2
AFC Bournemouth,Fulham,2
AFC Bournemouth,West Brom,2
AFC Bournemouth,Newport County,2
AFC Bournemouth,Leyton Orient,2
AFC Bournemouth,Braintree,2
Sunderland AFC,Sunderland U23,2
Burnley FC,Liverpool,2
Burnley FC,Salford,2
Brighton & Hove Albion,FC Ingolstadt,2
Brighton & Hove Albion,Valencia,2
Middlesbrough FC,Valencia,2
Accrington,Hull City,2
Benevento,Newcastle United,2
Hull City,Notts County,2
BSC Young Boys,Newcastle United,2
Dunajska Streda,Newcastle United,2
Hull City,Liverpool,2
AFC Bournemouth,Leeds,2
Accrington,Brighton & Hove Albion,2
Leicester City,Málaga CF,2
Bristol Rovers,Crystal Palace,2
E. Frankfurt,Everton FC,2
Sevilla FC,Swansea City,2
Swansea City,West Ham,2
Everton,Swansea City,2
Granada CF,Swansea City,2
Huddersfield Town,Portsmouth,2
Southend United,Swansea City,2
RSC Anderlecht,Watford FC,2
Chelsea U23,Huddersfield Town,2
Blackburn,Watford FC,2
Valencia,Watford FC,2
Watford FC,Zulte Waregem,2
Crystal Palace,Newcastle,2
Crystal Palace,West Ham,2
Crystal Palace,Marseille,2
Derby,Huddersfield Town,2
Crystal Palace,Shrewsbury,2
Huddersfield Town,Montpellier,2
Brighton & Hove Albion,Leicester,2
Granada CF,Leicester City,2
Stoke City,West Brom,2
Burnley FC,Ipswich,2
Manchester United,Valencia,2
Ajax,Everton FC,2
Club Brugge,Southampton FC,2
Benfica,Watford FC,2
Fluminense,Watford FC,2
AFC Bournemouth,Chesterfield FC,2
AFC Bournemouth,Partick Thistle,2
AFC Bournemouth,Barnsley FC,2
AFC Bournemouth,Lincoln City,2
AFC Bournemouth,Blackpool,2
AFC Bournemouth,Fleetwood,2
Exeter City,West Bromwich Albion,2
Port Vale,West Bromwich Albion,2
Cambridge Utd.,West Bromwich Albion,2
MK Dons,Stoke City,2
Hull City,Swansea City,2
Swansea City,Wigan,2
Hamilton Acad.,Swansea City,2
Bradford,Burnley FC,2
Burnley FC,Port Vale,2
Manchester United,Peñarol,2
Arsenal FC,Getafe,2
1.FSV Mainz 05,Stoke City,2
Arsenal FC,Walsall,2
AC Milan,Everton FC,2
Aston Villa,Swansea City,2
Atlético Madrid,Newcastle United,2
AC Milan,Watford FC,2
Royal Antwerp,Watford FC,2
SD Huesca,Watford FC,2
Watford FC,Willem II,2
Olympiacos,Watford FC,2
Huachipato,Watford FC,2
Crystal Palace,Viking FK,2
UD Almería,Watford FC,2
Aston Villa,Burnley FC,2
Chelsea FC,Oxford United,2
Chelsea FC,FC Groningen,2
CD Leganés,Watford FC,2
R. Strasbourg,Watford FC,2
Amiens SC,Chelsea FC,2
Al-Nasr,Watford FC,2
Al-Wasl,Manchester City,2
Everton FC,Waasl.-Beveren,2
Alanyaspor,Chelsea FC,2
Chelsea FC,Mouscron,2
AFC Bournemouth,Walsall,2
Manchester City,Toulouse,2
AFC Bournemouth,Coventry,2
AFC Bournemouth,Exeter City,2
AFC Bournemouth,Chester,2
AFC Bournemouth,Torquay,2
Huddersfield Town,Nottm Forest,2
Huddersfield Town,Telford Utd,2
Club Brugge,Watford FC,2
Brighton & Hove Albion,Sparta R.,2
GZ Evergrande,Watford FC,2
Brighton & Hove Albion,Sunderland,2
Hellas Verona,Newcastle United,2
Blackpool,Watford FC,2
Newcastle United,Sivasspor,2
Port Vale,Watford FC,2
Lens,Watford FC,2
Burton Albion,Norwich City,2
Bristol City,Norwich City,2
Chelsea FC,Corinthians,2
Manchester United,Vitória Setúbal,2
AFC Bournemouth,Woking,2
Chelsea FC,Excelsior,2
AFC Bournemouth,River Plate II,2
Burnley FC,Central Coast,2
VVV-Venlo,West Ham United,2
West Bromwich Albion,Zenit S-Pb,2
Huddersfield,West Bromwich Albion,2
Arsenal FC,Plymouth,2
Atalanta BC,Leicester City,2
Leicester City,Oldham Athletic,2
Newcastle United,PSV Eindhoven,2
Crawley Town,Newcastle United,2
Rubin Kazan,Sunderland AFC,2
Bologna,Sunderland AFC,2
KAA Gent,Liverpool FC,2
Getafe,Sunderland AFC,2
Aston Villa,Newport County,2
Liverpool FC,Stade Reims,2
Aston Villa,Solihull Moors,2
Besiktas,Liverpool FC,2
Hibernian FC,Liverpool FC,2
Liverpool FC,RB Leipzig,2
Chelsea FC,Östersund,2
Chelsea FC,Grêmio,2
Vélez Sarsfield,Watford FC,2
AEK Athens,Manchester City,2
Belenenses,Chelsea FC,2
Huddersfield Town,Retired,2
E. Frankfurt,Manchester United,2
Granada CF,Manchester United,2
LOSC Lille,Southampton FC,2
Burton Albion,Huddersfield Town,2
Rayo Vallecano,Southampton FC,2
Besiktas,West Ham United,2
Huddersfield Town,Oxford United,2
Bury,Huddersfield Town,2
Newport County,West Ham United,2
AC Horsens,West Ham United,2
Blackburn,Huddersfield Town,2
FC Augsburg,Liverpool FC,2
Lazio,Liverpool FC,2
Liverpool FC,NEC Nijmegen,2
Shrewsbury,Stoke City,2
Dep. La Coruña,Stoke City,2
FC Groningen,Huddersfield Town,2
Espanyol,Tottenham Hotspur,2
Arsenal FC,Sint-Truiden,2
Leicester City,Sporting CP,2
AFC Bournemouth,AS Roma,2
Manchester United,Standard Liège,2
Crewe Alexandra,Southampton FC,2
Swansea City,Werder Bremen,2
Fenerbahce,West Ham United,2
Barnet,Leicester City,2
Newcastle United,York City,2
FC Lorient,Sunderland AFC,2
F. Düsseldorf,Sunderland AFC,2
AFC Bournemouth,Atlantas,2
Falkirk,Norwich City,2
AFC Bournemouth,Longford Town,2
Stade Rennais,Watford FC,2
Crystal Palace,Vancouver,2
Benfica,Crystal Palace,2
Fiorentina,Watford FC,2
Everton FC,Sevilla FC,2
Djurgården,Watford FC,2
Dinamo Zagreb,Norwich City,2
SSC Napoli,Sunderland AFC,2
Cardiff City,Chesterfield FC,2
Cardiff City,Portsmouth,2
Hartlepool,Wigan Athletic,2
Genoa,Wigan Athletic,2
1.FK Pribram,Watford FC,2
Manchester United,Portsmouth,2
Ankaragücü,West Bromwich Albion,2
Chelsea FC,Notts County,2
Stoke City,Walsall,2
Hereford Utd.,Stoke City,2
Amiens SC,Leicester City,2
Leicester City,Salford,2
Leicester City,Sampdoria,2
TSG Hoffenheim,West Ham United,2
Bolton Wanderers,Cardiff,2
Everton FC,FC Schalke 04,2
Lincoln City,Sunderland AFC,2
Aston Villa,Sunderland AFC,2
Blackburn Rovers,FC Schalke 04,2
SuperSport Utd.,Tottenham Hotspur,2
Basingstoke,Tottenham Hotspur,2
Racing,Tottenham Hotspur,2
Shrewsbury,Wigan Athletic,2
Blackpool FC,Carlisle United,2
Liverpool FC,TSG Hoffenheim,2
Blackpool FC,Kettering,2
Arsenal FC,Lincoln City,2
Arsenal FC,FC Cartagena,2
Dundalk FC,West Ham United,2
Bolton Wanderers,Sheff Wed,2
Bolton Wanderers,Shrewsbury,2
Birmingham City,Cheltenham,2
Birmingham City,Stevenage,2
Birmingham City,Rubin Kazan,2
E. Frankfurt,Newcastle United,2
Crystal Palace,Trabzonspor,2
Crystal Palace,Hampton & Rich.,2
Crystal Palace,Hamilton Acad.,2
Blackburn Rovers,Morecambe FC,2
Blackburn Rovers,Willem II,2
Crystal Palace,Real Betis,2
UD Ibiza,Watford FC,2
Liverpool FC,PAOK Salonika,2
Aston Villa,Bor. M'gladbach,2
Aston Villa,FC Volendam,2
Preston,Tottenham Hotspur,2
Everton FC,Peterborough,2
Newcastle United,Shrewsbury,2
Everton FC,Juventus,2
Vit. Guimarães,Wolverhampton Wanderers,2
Hereford Utd.,Wolverhampton Wanderers,2
Blackpool,Wolverhampton Wanderers,2
Accrington,Wolverhampton Wanderers,2
Watford,Wolverhampton Wanderers,2
Accrington,Stoke City,2
Hibernian FC,Stoke City,2
Huddersfield,Stoke City,2
Oldham Athletic,Stoke City,2
Stoke City,Watford,2
Everton FC,Tigre,2
Cheltenham,Everton FC,2
Real Madrid,Wolverhampton Wanderers,2
Lazio,Wolverhampton Wanderers,2
Los Angeles,Tottenham Hotspur,2
Blackburn Rovers,Stevenage,2
Blackburn Rovers,Yeovil Town,2
Blackburn Rovers,Southport,2
Manchester United,Tranmere Rovers,2
Paços Ferreira,Wolverhampton Wanderers,2
Everton FC,FC Emmen,2
Arsenal FC,Fenerbahce,2
Everton FC,Real Valladolid,2
Arsenal FC,Galatasaray,2
Arsenal FC,Rayo Vallecano,2
C. Budejovice,Chelsea FC,2
Canvey Island,Chelsea FC,2
LOSC Lille,Newcastle United,2
Southend United,West Bromwich Albion,2
Career break,Manchester United,2
Man City,Queens Park Rangers,2
Queens Park Rangers,Southampton,2
Queens Park Rangers,Tombense,2
Boreham Wood,Queens Park Rangers,2
Preston,Queens Park Rangers,2
Birmingham,Queens Park Rangers,2
Exeter City,Queens Park Rangers,2
Nottm Forest,Queens Park Rangers,2
Crawley Town,Queens Park Rangers,2
Hampton & Rich.,Queens Park Rangers,2
Inverness CT,Wigan Athletic,2
Everton,Norwich City,2
Cosenza,Newcastle United,2
AFC Bournemouth,St. Johnstone,2
Cardiff,Wolverhampton Wanderers,2
Man Utd U23,Sheffield United,2
Darlington,Wolverhampton Wanderers,2
Charlton,Wolverhampton Wanderers,2
Bournemouth,Sheffield United,2
Birmingham City,Man City,2
Birmingham City,Santos Laguna,2
Birmingham City,CSD del Valle,2
Norwich City,Shrewsbury,2
Burnley FC,Portsmouth,2
Burnley FC,Independiente,2
Norwich City,Wealdstone,2
Burnley FC,Plymouth,2
Bröndby IF,Burnley FC,2
Burnley FC,Falkirk,2
Burnley FC,Chelsea Res.,2
Hannover 96,Norwich City,2
1. FC Köln,Manchester United,2
Arsenal FC,Doncaster,2
Arsenal FC,MK Dons,2
Aston Villa,Darlington,2
Bristol Rovers,Wolverhampton Wanderers,2
Southend United,Wolverhampton Wanderers,2
MSV Duisburg,Wolverhampton Wanderers,2
Blackpool,Sheffield United,2
Manchester United,SH Shenhua,2
Arsenal FC,Jagiellonia,2
Stoke City,Vauxhall Motors,2
Bolton Wanderers,St. Johnstone,2
Altrincham,Bolton Wanderers,2
Portsmouth FC,Watford,2
Blackburn Rovers,Everton,2
Blackburn Rovers,Chester City,2
Olympique Lyon,Sunderland AFC,2
Aston Villa,Royal Antwerp,2
Hull City,Villarreal,2
Aston Villa,Derby U23,2
Hull City,Rochdale,2
Hull City,Sheff Utd,2
Hull City,Walsall,2
Hull City,Shrewsbury,2
Exeter City,Wolverhampton Wanderers,2
Carlisle United,Sheffield United,2
Rochdale,Sheffield United,2
Galatasaray,Tottenham Hotspur,2
Norwich City,St. Mirren,2
Shrewsbury,Tottenham Hotspur,2
Crawley Town,Norwich City,2
Blackpool FC,Southampton,2
Cardiff,Wigan Athletic,2
AJ Auxerre,West Bromwich Albion,2
Blackburn,West Bromwich Albion,2
Bristol Rovers,West Bromwich Albion,2
Barnsley FC,West Bromwich Albion,2
Víkingur,West Bromwich Albion,2
Fulham FC,Viking FK,2
Brighton & Hove Albion,Leeds,2
Boca Juniors,Brighton & Hove Albion,2
Newcastle United,Twente FC,2
Brighton & Hove Albion,Galatasaray,2
New York RB,Southampton FC,2
Royal Antwerp,Southampton FC,2
FC Augsburg,Southampton FC,2
Brisbane Roar,Burnley FC,2
AFC Bournemouth,Qarabag FK,2
Barnet,Wolverhampton Wanderers,2
AFC Bournemouth,Swansea,2
Blackpool FC,Rangers,2
Brighton & Hove Albion,TSG Hoffenheim,2
Blackpool FC,Without Club,2
Eastleigh,Portsmouth FC,2
Manchester City,Santos FC,2
Brommapojkarna,Manchester City,2
Sporting CP,Wigan Athletic,2
US Boulogne,Wigan Athletic,2
Norwich City,Norwich U23,2
Cheltenham,Stoke City,2
Portsmouth FC,Spartak Moscow,2
Northampton,Portsmouth FC,2
Blackburn Rovers,Gateshead,2
Barnsley FC,Blackpool FC,2
Norwich City,Sevilla FC,2
Hull City,Zamalek,2
Bradford,Hull City,2
Barcelona SC,Brighton & Hove Albion,2
Blackpool FC,Derby,2
Blackpool FC,Rotherham,2
Blackpool FC,Cheltenham,2
Blackpool FC,Norwich,2
Manchester City,QPR,2
Brentford,Manchester City,2
Manchester City,NEC Nijmegen,2
AC Milan,Fulham FC,2
FC Luzern,Fulham FC,2
Montpellier,Newcastle United,2
Newcastle U23,Newcastle United,2
G. Bordeaux,Newcastle United,2
Leicester City,Sivasspor,2
Arsenal FC,Grêmio,2
Aston Villa,RCD Mallorca,2
VfL Wolfsburg,West Ham United,2
AFC Wimbledon,West Ham United,2
Everton FC,Feyenoord,2
Al-Hilal SFC,Sunderland AFC,2
Lazio,Sunderland AFC,2
FC Lorient,Manchester City,2
Southampton FC,Stevenage,2
Sheff Utd,Southampton FC,2
FC Tokyo,Southampton FC,2
FC Lorient,Tottenham Hotspur,2
Tottenham Hotspur,UD Almería,2
Burnley FC,RWDM,2
Burnley,Fulham FC,2
Ajax,Fulham FC,2
Southend United,Stoke City,2
Peterborough,West Bromwich Albion,2
Arsenal,Wigan Athletic,2
Northampton,Wigan Athletic,2
Burton Albion,Wigan Athletic,2
Morecambe FC,Wigan Athletic,2
Chelsea,Queens Park Rangers,2
Bury,Queens Park Rangers,2
Reading FC,Reading U21,2
Burnley,Reading FC,2
Ipswich,Reading FC,2
Crystal Palace,São Paulo,2
Accrington,Reading FC,2
Reading FC,Shrewsbury,2
Reading FC,Without Club,2
Chelsea FC,Crawley Town,2
Angered United,Chelsea FC,2
CA Osasuna,Swansea City,2
Swansea City,York City,2
Manchester United,VfB Stuttgart,2
Manchester United,Rio Ave FC,2
Liverpool FC,SD Huesca,2
Everton FC,Stade Brestois,2
Bishop's St.,Stoke City,2
Bursaspor,Stoke City,2
Fulham FC,OGC Nice,2
Aberdeen FC,Swansea City,2
Luton,Swansea City,2
Stevenage,Swansea City,2
Huddersfield,Swansea City,2
St. Mirren,Swansea City,2
Heart of Midl.,West Ham United,2
Torquay,West Ham United,2
Norwich City,Stoke City,2
Norwich City,Wigan,2
Cardiff City,Plymouth,2
Accrington,Fulham FC,2
Fulham FC,Oxford United,2
Norwich,Stoke City,2
Cardiff City,MK Dons,2
Cardiff City,Morecambe FC,2
Peterborough,Southampton FC,2
FC Sochaux,Southampton FC,2
Cardiff City,Livingston FC,2
Extremadura,Fulham FC,2
Espanyol,Swansea City,2
Udinese Calcio,West Bromwich Albion,2
KV Kortrijk,Manchester United,2
Exeter City,Reading FC,2
Oldham Athletic,Reading FC,2
Huddersfield,Reading FC,2
Chelsea FC,Stade Reims,2
Manchester United,Paços Ferreira,2
Chelsea FC,Vojvodina,2
Chelsea FC,Córdoba CF,2
Arsenal FC,US Palermo,2
Arsenal FC,SC Freiburg,2
Marseille,West Bromwich Albion,2
Arsenal FC,Real Murcia,2
Arouca,Tottenham Hotspur,2
Manchester City,SD Huesca,2
Colchester Utd.,Everton FC,2
Everton FC,Vitesse,2
Alcorcón,Liverpool FC,2
FC Groningen,Liverpool FC,2
Liverpool FC,UD Almería,2
Crystal Palace,KAA Gent,2
Arsenal U18,Stoke City,2
Aberdeen FC,Manchester City,2
Heart of Midl.,Swansea City,2
Macclesfield,Norwich City,2
Manchester City,Real Valladolid,2
Queens Park Rangers,Yeovil Town,2
VPS,West Bromwich Albion,2
Fulham FC,VfB Stuttgart,2
Chesterfield FC,Newcastle United,2
Chelsea FC,SH Shenhua,2
ADO Den Haag,Chelsea FC,2
Chelsea FC,Dijon,2
Arsenal FC,New York RB,2
AFC Wimbledon,Arsenal FC,2
Arsenal FC,CD Alcoyano,2
Alfreton,Stoke City,2
F. Düsseldorf,Manchester City,2
Luton,Stoke City,2
Manchester City,Mouscron,2
Granada CF,Manchester City,2
Manchester City,Portimonense,2
Aston Villa,Shamrock Rovers,2
Burnley FC,Everton,2
Colchester Utd.,Swansea City,2
Crystal Palace,FC Sheriff,2
Swansea City,TSG Hoffenheim,2
Arsenal FC,Besiktas,2
AFC Wimbledon,Sunderland AFC,2
Bolton Wanderers,Falkirk,2
Bolton Wanderers,West Ham,2
Aston Villa,Olympiacos,2
Aston Villa,Career break,2
Chelsea FC,Rio Ave FC,2
Chelsea FC,Getafe,2
Chelsea FC,RCD Mallorca,2
Chelsea FC,Fehérvár,2
Chelsea FC,F. Düsseldorf,2
Chelsea FC,SC Braga,2
Blackpool,Swansea City,2
Burton Albion,Swansea City,2
Hereford Utd.,Swansea City,2
Liverpool FC,Oxford United,2
KV Oostende,Manchester City,2
Bolton,Swansea City,2
Tranmere Rovers,Wolverhampton Wanderers,2
Aston Villa,Los Angeles,2
Sunderland AFC,VfL Wolfsburg,2
Blackburn Rovers,Doncaster,2
Loko Moscow,Tottenham Hotspur,2
Chelsea,West Bromwich Albion,2
Brighton & Hove Albion,Chievo Verona,2
MK Dons,West Bromwich Albion,2
FC Eindhoven,Fulham FC,2
Newcastle United,St. Johnstone,2
Arsenal FC,Málaga CF,2
Arsenal FC,Ponferradina,2
Aston Villa,KRC Genk,2
Aldershot,West Ham United,2
Cruzeiro,West Ham United,2
Sunderland AFC,Woking,2
Atlas,Watford FC,2
KF Skënderbeu,Watford FC,2
PAOK Salonika,Tottenham Hotspur,2
Rostov,Tottenham Hotspur,2
Airbus UK,Liverpool FC,2
Everton FC,Fleetwood,2
Brentford,Norwich City,2
Kansas City,Norwich City,2
KAA Gent,West Bromwich Albion,2
Werder Bremen,West Bromwich Albion,2
Manchester United,Walsall,2
Heart of Midl.,Manchester City,2
Everton FC,Spartak Moscow,2
Chelsea FC,LOSC Lille,2
Chelsea FC,Zulte Waregem,2
Chelsea FC,Vit. Guimarães,2
CE Sabadell,Chelsea FC,2
Chelsea FC,Roda JC,2
Rayo Vallecano,Swansea City,2
Arsenal U21,Swansea City,2
UD Sanse,Wolverhampton Wanderers,2
Brighton & Hove Albion,CS Emelec,2
1.FC K'lautern,Swansea City,2
Swansea City,Villarreal,2
Sheff Wed,Swansea City,2
Liverpool,Swansea City,2
Fleetwood,Swansea City,2
Dunajska Streda,Wolverhampton Wanderers,2
Shrewsbury,Swansea City,2
Wolverhampton Wanderers,Würzb. Kickers,2
1.FC Nuremberg,Crystal Palace,2
Leicester,Middlesbrough FC,2
Walsall,West Ham United,2
Middlesbrough FC,West Ham,2
Fulham FC,Twente FC,2
Everton,Liverpool FC,2
Chelsea FC,Hereford Utd.,2
AJ Auxerre,Liverpool FC,2
Arsenal U18,Birmingham City,2
Charlton Athletic,Chesterfield FC,2
Burnley,Charlton Athletic,2
Leeds United,Strømsgodset,2
Arsenal FC,Selangor FC,2
Halifax Town,Leeds United,2
CD Tenerife,Everton FC,2
Columbus Crew,Fulham FC,2
Akademisk BK,Tottenham Hotspur,2
Bröndby IF,West Ham United,2
Oxford United,West Ham United,2
Everton FC,Liverpool,2
Oldham Athletic,West Ham United,2
El Ahly,Everton FC,2
Luton,Manchester City,2
FC Sion,Manchester City,2
Blackburn Rovers,Stabæk Fotball,2
Newcastle United,Udinese,2
Arsenal FC,Sheff Utd,2
Chicago,Fulham FC,2
Derby County,Motherwell FC,2
Ajax,Portsmouth FC,2
Crewe Alexandra,Sunderland AFC,2
Coleraine,Sunderland AFC,2
Arsenal FC,Olympique Lyon,2
Aston Villa,Wimbledon FC,2
Southampton,Wolverhampton Wanderers,2
Chester City,Wimbledon FC,2
Portsmouth FC,St. Pat's,2
Portsmouth FC,Sunderland,2
Coventry City,Wimbledon FC,2
Manchester City,Mansfield Town,2
Ancona,Bolton Wanderers,2
Dorchester,West Ham United,2
Bolton Wanderers,Comunicaciones,2
Atlético Madrid,Bolton Wanderers,2
Bolton Wanderers,Reggiana,2
Crystal Palace,Exeter City,2
Aston Villa,Cheltenham,2
Dynamo Kyiv,Tottenham Hotspur,2
Nottingham Forest,Swindon Town,2
Aston Villa,Stockport,2
Huddersfield,Nottingham Forest,2
Crawley Town,Fulham FC,2
Arsenal FC,Sevilla FC,2
DL Shide,Manchester United,2
Barnsley FC,York City,2
Coventry City,Dunfermline A.,2
Crystal Palace,Juventus,2
Bolton,Tottenham Hotspur,2
Aston Villa,Clyde FC,2
Aston Villa,Macclesfield,2
Leeds United,Vicenza,2
Arsenal FC,Sampdoria,2
Manchester United,Stalybridge,2
Leeds United,Middlesbrough,2
Middlesbrough FC,São Paulo,2
Coventry City,Shepshed Dynamo,2
Coventry City,Walsall,2
Leeds United,Torquay,2
Aston Villa,Oxford United,2
Leeds United,Paris SG,2
Middlesbrough FC,SC Fortuna Köln,2
AC Milan,Leeds United,2
Birmingham City,Retired,2
Birmingham City,Crewe Alexandra,2
AIK,Coventry City,2
Bryne FK,West Ham United,2
Hereford Utd.,Nottingham Forest,2
Bristol Rovers,Nottingham Forest,2
Bolton Wanderers,Xamax,2
Arsenal FC,Oxford United,2
Barcelona B,Southampton FC,2
Arsenal,Ipswich Town,2
Chelsea FC,G. Bordeaux,2
Blackburn Rovers,Celtic,2
Derby County,Huddersfield,2
Steaua Bucharest,Tottenham Hotspur,2
Derby County,Lens,2
Real Betis,Wolverhampton Wanderers,2
Chelsea FC,Feyenoord,2
Cambridge Utd.,Everton FC,2
Everton FC,Notts County,2
Leicester City,Olympique Lyon,2
Leicester,Norwich City,2
Maccabi Haifa,Portsmouth FC,2
Chesterfield FC,Leicester City,2
Bolton,Wimbledon FC,2
Coventry City,West Ham,2
Colchester Utd.,Portsmouth FC,2
Barnet,Portsmouth FC,2
Dundee FC,Portsmouth FC,2
Crystal Palace,Lincoln City,2
Portsmouth FC,Unknown,2
AJ Auxerre,Portsmouth FC,2
Portsmouth FC,Vitesse,2
Barnsley FC,Mansfield Town,2
Hvidovre,Sunderland AFC,2
Ferencváros,West Bromwich Albion,2
Colchester Utd.,Southampton FC,2
West Ham,Wimbledon FC,2
Tottenham Hotspur,Valur,2
AFC Newbury,Portsmouth FC,2
Everton FC,Luton,2
Montpellier,Portsmouth FC,2
Benfica,Sheffield Wednesday,2
FK Lyn,Southampton FC,2
Hereford Utd.,Norwich City,2
Newcastle,Norwich City,2
Newcastle United,St. Pat's,2
Bradford,Norwich City,2
Cardiff,Portsmouth FC,2
Watford,Wimbledon FC,2
Southampton FC,Wigan,2
Ipswich Town,QPR,2
Ipswich Town,Wolves,2
Canvey Island,Ipswich Town,2
Everton,Sheffield Wednesday,2
Ajax,Southampton FC,2
Exeter City,Manchester United,2
Celtic,Ipswich Town,2
Middlesbrough FC,Rush. & Diamon.,2
Real Zaragoza,Tottenham Hotspur,2
Rangers,Tottenham Hotspur,2
Middlesbrough FC,Parma,2
Arsenal FC,Gillingham FC,2
Leeds United,NSWIS,2
Leeds United,Spurs,2
Norwich City,Wycombe,2
Norwich City,York City,2
Boston Utd,Norwich City,2
Arsenal,Norwich City,2
Blackburn,Bradford City,2
Bradford City,Dunfermline A.,2
AC Ajaccio,West Ham United,2
Bradford City,Nottm Forest,2
Barnet,Swindon Town,2
Coventry City,St. Mirren,2
Bristol City,Sheffield United,2
Burnley,Sheffield United,2
Grimsby Town,Leicester City,2
Lincoln City,Manchester City,2
Manchester City,Shrewsbury,2
Tottenham Hotspur,Viktoria Plzen,2
Ajax,Manchester City,2
Linköpings FF,Manchester City,2
Chesterfield FC,Tottenham Hotspur,2
Coventry City,FC Motagua,2
Leeds United,Southend United,2
Middlesbrough FC,QPR,2
Sunderland AFC,Sunderland Res.,2
Southampton FC,Southampton Res.,2
Sporting CP,Tottenham Hotspur,2
Blackburn Rovers,St. Pat's,2
Bolton Wanderers,M. Tel Aviv,2
Charlton Athletic,Cheltenham,2
Charlton Athletic,Northampton,2
Leeds,Queens Park Rangers,2
Bishop's St.,Charlton Athletic,2
Brentford,Charlton Athletic,2
Brentford,Queens Park Rangers,2
Blackburn Rovers,Hamburger SV,2
Charlton Athletic,Charlton U21,2
Inter,Liverpool FC,2
Charlton Athletic,Mansfield Town,2
Leeds,Sheffield Wednesday,2
Aston Villa,FC Nantes,2
Argentinos Jrs.,Sunderland AFC,2
Leicester City,Leicester Res.,2
Newcastle United,Real Madrid,2
Newcastle United,Shelbourne,2
Crawley Town,Leicester City,2
Barnsley FC,Notts County,2
Chelsea FC,UC AlbinoLeffe,2
Hereford Utd.,Ipswich Town,2
Everton FC,Sligo Rovers,2
Barcelona,Middlesbrough FC,2
Fulham FC,Yeading FC,2
Colchester Utd.,Ipswich Town,2
Birmingham City,Portsmouth,2
Cambridge Utd.,Middlesbrough FC,2
Brann,Leeds United,2
Birmingham City,West Brom,2
Derby County,Unknown,2
Birmingham City,Nottm Forest,2
Derby County,West Brom,2
Celta de Vigo,Fulham FC,2
Halifax Town,Middlesbrough FC,2
Fulham FC,Kilmarnock FC,2
Aston Villa,York City,2
Fulham FC,RBC Roosendaal,2
Fulham FC,Setúbal U19,2
Fulham FC,Lens,2
Bolton Wanderers,Newell's,2
Bolton Wanderers,FC Istres,2
1.FC Nuremberg,Manchester City,2
Dag & Red FC,Southampton FC,2
Chelsea FC,Dinamo Tbilisi,2
Blackburn Rovers,Bor. M'gladbach,2
AS Roma,Aston Villa,2
Luton,Wimbledon FC,2
Raith Rovers,Sunderland AFC,2
FC Copenhagen,Sunderland AFC,2
Fulham FC,Gamba Osaka,2
Sheff Utd,West Ham United,2
Everton FC,SZ Jianlibao,2
Botafogo,Everton FC,2
Bolton Wanderers,Millwall,2
Derby County,Man Utd,2
Blackburn,Charlton Athletic,2
1.FC Nuremberg,Blackburn Rovers,2
Barcelona B,Manchester City,2
Blackburn Rovers,Real Zaragoza,2
Blackburn Rovers,Brentford,2
Bologna,Fulham FC,2
Ipswich,Leeds United,2
Blackburn Rovers,Halmstads BK,2
Huddersfield,Tottenham Hotspur,2
Aston Villa,Sporting CP,2
Red Star,Tottenham Hotspur,2
Feyenoord,Liverpool FC,2
Liverpool FC,Monaco,2
Everton FC,UD Las Palmas,2
Keflavík,Liverpool FC,2
Coventry,Derby County,2
Derby County,Mansfield Town,2
Karlsruher SC,West Ham United,2
Bolton Wanderers,Galatasaray,2
Derby County,Leeds,2
Darlington,Nottingham Forest,2
Ards FC,Sheffield Wednesday,2
Birmingham City,Bristol City,2
Barcelona B,Coventry City,2
Bristol Rovers,Coventry City,2
AC Parma,Newcastle United,2
Leicester City,Port Vale,2
Halesowen,West Bromwich Albion,2
Tranmere Rovers,West Bromwich Albion,2
Manchester City,Preston,2
Scarborough Athletic,Sunderland AFC,2
Manchester City,Olympique Lyon,2
Derby County,Herediano,2
Sheffield Wednesday,Southend United,2
Middlesbrough FC,Wycombe,2
Derby,Southampton FC,2
Chelsea FC,Southend United,2
FC Basel,Sunderland AFC,2
Cambridge Utd.,Derby County,2
Derby County,Thróttur,2
Bolton Wanderers,Scarborough Athletic,2
Bolton Wanderers,Rotherham,2
Bolton Wanderers,Exeter City,2
Derby County,Northampton,2
Derby County,Without Club,2
Aston Villa,Nottingham Forest,2
Blackburn Rovers,Messina Peloro,2
Manchester United,Vitesse,2
Leeds United,Watford,2
Charlton Athletic,FC Porto,2
Charlton Athletic,Walsall,2
Arsenal FC,Wimbledon FC,2
Gillingham FC,Nottingham Forest,2
Derby County,Newcastle,2
Nottingham Forest,Orlando Pirates,2
Bolton Wanderers,Bor. Dortmund,2
Bolton Wanderers,Hertha BSC,2
CD El Nacional,Southampton FC,2
AC Venezia 1907,Coventry City,2
FC Zürich,Leeds United,2
Cork City,Middlesbrough FC,2
Blackpool,Southampton FC,2
Bolton Wanderers,HJK Helsinki,2
Royal Antwerp,Sunderland AFC,2
1. FC Köln,Sunderland AFC,2
Chelsea FC,Unknown,2
Bolton Wanderers,FC Metz,2
Charlton,Leeds United,2
AC Le Havre,Arsenal FC,2
Barcelona,Manchester United,2
Manchester United,Real Valladolid,2
Sparta Prague,West Ham United,2
Ipswich Town,Wigan,2
Maccabi Haifa,Southampton FC,2
Kettering,Tottenham Hotspur,2
1. FC Köln,West Ham United,2
Newcastle United,UAG Tecos,2
Aston Villa,Southend United,2
Aston Villa,Dag & Red FC,2
Aston Villa,Hereford Utd.,2
Aston Villa,Grimsby Town,2
Fulham,Wimbledon FC,2
Ipswich Town,Millwall,2
Aston Villa,Hibernian FC,2
FC Metz,Middlesbrough FC,2
Chester City,Sunderland AFC,2
Carlisle United,Ipswich Town,2
Barnsley FC,Ipswich Town,2
Ipswich Town,Torquay,2
Newcastle,Sunderland AFC,2
Chelsea FC,Dundee United,2
Chelsea FC,Espanyol,2
Darlington,Leeds United,2
Middlesbrough FC,Torquay,2
Manchester United,Northwich Vic,2
Birmingham City,Walsall,2
Lincoln City,Wimbledon FC,2
Chelsea,Sheffield Wednesday,2
Fulham FC,Rochdale,2
Crewe Alexandra,Wimbledon FC,2
Brighton,Chelsea FC,2
Chelsea FC,Lincoln City,2
Cardiff,Wimbledon FC,2
Leeds United,Rangers,2
Manchester United,St. Johnstone,2
Fulham FC,Juventus,2
Arsenal FC,FC Copenhagen,2
Arsenal FC,Banik Ostrava,2
Sheff Utd,Wimbledon FC,2
Red Star,Sheffield Wednesday,2
Leeds United,Raith Rovers,2
Fulham FC,Grimsby Town,2
Sheffield Wednesday,Shrewsbury,2
Manchester United,Racing,2
Manchester United,Red Star,2
FC Porto,Newcastle United,2
Fulham,Sheffield Wednesday,2
Reading,Sheffield Wednesday,2
Degerfors,Derby County,2
Grimsby Town,Newcastle United,2
Birmingham City,Rotherham,2
Leeds United,Vitória Setúbal,2
Torquay,Wimbledon FC,2
Birmingham City,Wigan,2
Southampton FC,Watford,2
Career break,Sunderland AFC,2
LOSC Lille,Leicester City,2
Charlton Athletic,Watford,2
Bournemouth,Leicester City,2
Galatasaray,Newcastle United,2
1.FC K'lautern,Tottenham Hotspur,2
Kidderminster,Sheffield Wednesday,2
Al-Rayyan SC,Manchester City,2
Coventry City,Derby,2
Hartlepool,Manchester City,2
Derby County,VfL Wolfsburg,2
Leicester City,Spurs,2
Derby County,UD Las Palmas,2
Blackburn Rovers,York City,2
Blackburn Rovers,Southend United,2
Blackburn Rovers,Burnley,2
Sheffield Wednesday,West Brom,2
Viking FK,West Ham United,2
Liverpool FC,Saint-Étienne B,2
Leeds,Leicester City,2
Colchester Utd.,Wimbledon FC,2
Alavés,Chelsea FC,2
Birmingham City,Marseille,2
Leeds United,Oldham Athletic,2
Leeds Reserves,Leeds United,2
Leeds United,Plymouth,2
Aston Villa,Motherwell FC,2
Aston Villa,Gillingham FC,2
Queens Park Rangers,Torquay,2
Leeds United,Rush. & Diamon.,2
Panathinaikos,West Ham United,2
Arsenal FC,Gamba Osaka,2
Nottingham Forest,Watford,2
Charlton,Nottingham Forest,2
Chesterfield FC,Leeds United,2
Arsenal FC,Crewe Alexandra,2
Cambridge Utd.,Leeds United,2
Everton,Leeds United,2
AIK,Leeds United,2
Leeds United,Real Madrid,2
Grimsby Town,Manchester United,2
Aston Villa,Charlton Athletic,2
Charlton Athletic,Wolves,2
Feyenoord,Sheffield Wednesday,2
Millwall,Sheffield Wednesday,2
Bolton Wanderers,Marseille,2
Birmingham City,Stoke City,2
Birmingham City,Petershill FC,2
Aston Villa,Real Betis,2
Aston Villa,Rochdale,2
Grimsby Town,Middlesbrough FC,2
Chelsea FC,Northampton,2
Bristol Rovers,Tottenham Hotspur,2
Everton FC,Rotherham,2
Barnsley FC,Liverpool FC,2
Bolton Wanderers,Valencia,2
Tottenham Hotspur,Unknown,2
Everton FC,Exeter City,2
Columbus Crew,Everton FC,2
Fulham FC,St. Johnstone,2
Middlesbrough FC,Torino,2
Middlesbrough FC,Stockport,2
Manchester City,VfB Stuttgart,2
Ipswich Town,Watford,2
Southampton FC,Vélez Sarsfield,2
Middlesbrough FC,Rangers,2
Gateshead,Middlesbrough FC,2
Leeds United,SC Bastia,2
CSKA Sofia,Middlesbrough FC,2
Middlesbrough FC,Shelbourne,2
Shimizu S-Pulse,Tottenham Hotspur,2
FC Zürich,Manchester City,2
Bolton Wanderers,Raith Rovers,2
Chelsea FC,Port Vale,2
Norwich City,Oxford United,2
Arsenal FC,Shamrock Rovers,2
Aston Villa,Wrexham,2
Arsenal FC,Unterhaching,2
Athletic,Chelsea FC,2
Grimsby Town,Queens Park Rangers,2
La Louviere,Portsmouth FC,2
Derby County,M. Tel Aviv,2
Chelsea FC,FC Copenhagen,2
Crystal Palace,Sheffield Wednesday,2
Portsmouth FC,VfL Wolfsburg,2
Arsenal FC,SC Bastia,2
ADO Den Haag,Arsenal FC,2
ADO Den Haag,Fulham FC,2
Aston Villa,Hapoel Haifa,2
Brighton,Leeds United,2
GAIS,Portsmouth FC,2
Wimbledon FC,York City,2
Aston Villa,Ayr United,2
Burnley,Sheffield Wednesday,2
Arsenal FC,Derry City,2
Bristol Rovers,Sheffield Wednesday,2
Chelsea,Wimbledon FC,2
Career break,Portsmouth FC,2
Rotherham,Sheffield United,2
IFK Göteborg,Manchester United,2
Leyton Orient,Wimbledon FC,2
KR Reykjavík,Liverpool FC,2
Derby County,Retired,2
Sheffield Wednesday,Watford,2
Sheffield United,Sutton Utd,2
Tottenham Hotspur,Udinese,2
Cardiff,Sheffield Wednesday,2
Dep. La Coruña,West Ham United,2
Oldham Athletic,Wigan,2
Plymouth,Queens Park Rangers,2
Dunfermline A.,Middlesbrough FC,2
Dunfermline A.,Portsmouth FC,2
Middlesbrough,Portsmouth FC,2
Arsenal FC,Career break,2
Brann,Oldham Athletic,2
Retired,Wimbledon FC,2
Blackburn Rovers,Brighton,2
Molde,Oldham Athletic,2
Arsenal FC,Cerro Porteño,2
Watford FC,Wolves,2
AJ Auxerre,Aston Villa,2
Chesterfield FC,Sheffield Wednesday,2
Blackburn Rovers,FC Basel,2
Derby County,West Ham,2
Millwall,Sheffield United,2
Northampton,Norwich City,2
Raith Rovers,Wimbledon FC,2
Blackburn Rovers,St. Mirren,2
Aston Villa,Scarborough Athletic,2
Chelsea FC,Stockport,2
Queens Park Rangers,Swindon Town,2
Coventry City,Dundee FC,2
Aston Villa,Barnsley FC,2
Chelsea FC,Kalmar FF,2
Crystal Palace,Walsall,2
Benfica,West Ham United,2
Nottm Forest,Wigan Athletic,2
Bradford City,Paris SG,2
FC Metz,Liverpool FC,2
Crystal Palace,M. Invicta,2
Nottingham Forest,Oldham Athletic,2
Nottingham Forest,Plymouth,2
Huddersfield,Watford FC,2
Hamilton Acad.,Southampton FC,2
Birmingham,Bradford City,2
Bradford City,Walsall,2
Bolton Wanderers,Fiorentina,2
Saint-Étienne,West Ham United,2
Bayern Munich,Sunderland AFC,2
Everton FC,Perugia,2
Hertha BSC,Sunderland AFC,2
Bradford City,Darlington,2
Halifax Town,Nottingham Forest,2
Real Zaragoza,Watford FC,2
Man Utd,Nottingham Forest,2
Rangers,Watford FC,2
Middlesbrough FC,Wrexham,2
Rotherham,Sunderland AFC,2
Livingston FC,West Ham United,2
Cardiff,Nottingham Forest,2
Carlisle United,Nottingham Forest,2
Kilmarnock FC,West Ham United,2
Al-Ittihad Club,Middlesbrough FC,2
Benfica,Bradford City,2
Norwich,Oldham Athletic,2
Man City,Wimbledon FC,2
Gillingham FC,Newcastle United,2
Bradford,Coventry City,2
Arsenal FC,Vit. Guimarães,2
Middlesbrough FC,R. Strasbourg,2
AJ Auxerre,Tottenham Hotspur,2
Defensor,West Bromwich Albion,2
FK Lyn,Fulham FC,2
Chester City,Sheffield Wednesday,2
Ban,Middlesbrough FC,2
Derby County,Hamburger SV,2
B. Jerusalem,Bolton Wanderers,2
Liverpool FC,MK Dons,2
Coventry City,Nottm Forest,2
Everton FC,Rush. & Diamon.,2
Celta de Vigo,Liverpool FC,2
Everton FC,Wycombe,2
Leeds United,Perth Glory,2
Coventry City,Newcastle,2
Halifax Town,Sheffield Wednesday,2
Gillingham FC,Manchester United,2
Kingstonian FC,Tottenham Hotspur,2
Cruzeiro,Tottenham Hotspur,2
Bradford City,Chelsea,2
Gillingham FC,Sunderland AFC,2
Oldham Athletic,Rodez AF,2
Al-Sadd SC,Manchester City,2
Crystal Palace,Wigan,2
Plymouth,Portsmouth FC,2
Oldham Athletic,Unknown,2
Everton FC,R. Strasbourg,2
Portsmouth FC,Shakhtar D.,2
Liverpool FC,Luton,2
Bristol City,Crystal Palace,2
Everton FC,Hajduk Split,2
Birmingham City,Scunthorpe Utd.,2
Middlesbrough FC,Plymouth,2
Granada CF,Newcastle United,2
Bolton Wanderers,Maccabi Haifa,2
Charlton Athletic,Hartlepool,2
Arsenal FC,FC Den Bosch,2
Billericay,Crystal Palace,2
Barnsley FC,Leeds United,2
Aston Villa,Scunthorpe Utd.,2
Coventry City,Peterborough,2
Coventry City,Northampton,2
Perth SC,West Ham United,2
Arsenal FC,Bor. M'gladbach,2
Blackburn Rovers,Livingston FC,2
Skonto,Southampton FC,2
Leeds United,Sampdoria,2
Birmingham City,Slavia Prague,2
Port Vale,West Ham United,2
Leeds United,Tranmere Rovers,2
Atlético Madrid,Manchester United,2
AC Venezia 1907,Newcastle United,2
Birmingham City,Yeovil Town,2
Everton FC,New England,2
Ipswich Town,Leicester,2
Alfreton,Birmingham City,2
Bolton,Everton FC,2
Birmingham City,Tranmere Rovers,2
Birmingham City,Newcastle,2
Ikast FS,Liverpool FC,2
Newcastle United,OFI Crete FC,2
Celta de Vigo,Manchester United,2
Blackburn Rovers,Watford,2
Southampton FC,Sporting CP,2
Liverpool FC,Oldham Athletic,2
Lillestrøm,Liverpool FC,2
Saint-Étienne,Southampton FC,2
Bristol City,Coventry City,2
Coventry City,Inter,2
Barcelona SC,Crystal Palace,2
Career break,West Ham United,2
Portsmouth FC,Terek Grozny,2
Boca Juniors,Middlesbrough FC,2
Nottingham Forest,Scarborough Athletic,2
Birmingham City,Millwall,2
Rush. & Diamon.,Southampton FC,2
Middlesbrough FC,Port Vale,2
Middlesbrough FC,Southend United,2
Leeds United,Lens,2
Bor. Dortmund,Fulham FC,2
Panathinaikos,Portsmouth FC,2
Celtic,Derby County,2
Derby County,Macclesfield,2
Bolton Wanderers,Bristol Rovers,2
Cambridge Utd.,Charlton Athletic,2
Barnsley FC,Oldham Athletic,2
Grimsby Town,Sheffield Wednesday,2
AO Egaleo,Portsmouth FC,2
Aston Villa,Ross County,2
Charlton Athletic,Oxford United,2
Chesterfield FC,Ipswich Town,2
Charlton Athletic,Man Utd,2
Newcastle United,OGC Nice,2
Lens,West Ham United,2
Charlton Athletic,West Brom,2
Nottingham Forest,Rangers,2
Bayern Munich,Chelsea FC,2
Birmingham City,Mansfield Town,2
Belenenses,Charlton Athletic,2
Aston Villa,Port Vale,2
Arsenal FC,Barnet,2
Southampton FC,Torino,2
Fulham FC,Man City,2
Al-Gharafa SC,Charlton Athletic,2
FC Copenhagen,Southampton FC,2
Ipswich,Sheffield Wednesday,2
Coventry,Sheffield Wednesday,2
Fulham FC,VfL Wolfsburg,2
Bristol City,Nottingham Forest,2
D.C. United,Nottingham Forest,2
Barnsley FC,Sheffield Wednesday,2
Chelsea FC,Walton & Hersham FC,2
Birmingham City,Chester City,2
Middlesbrough FC,Slo. Bratislava,1
Nottingham Forest,Sembawang,1
Middlesbrough FC,St. Johnstone,1
Hannover 96,West Bromwich Albion,1
AFC Bournemouth,Newcastle,1
Barry,Tottenham Hotspur,1
Boavista,Leeds United,1
Atlético Madrid,Swansea City,1
Atalanta BC,Swansea City,1
Banska Bystrica,Stoke City,1
AFC Bournemouth,Wigan,1
Charlton Athletic,Wigan,1
Ajax,Swansea City,1
Career break,Tottenham Hotspur,1
Derby County,Swindon Town,1
Rosenborg,West Bromwich Albion,1
AFC Bournemouth,Weymouth FC,1
Everton FC,Montpellier,1
AFC Bournemouth,Gosport Borough,1
Karlsruher SC,Liverpool FC,1
Middlesbrough FC,Mogi Mirim,1
AFC Bournemouth,Aldershot,1
Metalist,West Bromwich Albion,1
Cagliari Calcio,Tottenham Hotspur,1
Stoke City,Stoke U21,1
Crystal Palace,Zulte Waregem,1
Fiorentina U19,Southampton FC,1
KAA Gent,Watford FC,1
Blackburn Rovers,E. Frankfurt,1
Newcastle,Watford FC,1
Helsingborg,Southampton FC,1
Barnet,Southampton FC,1
KRC Genk,Watford FC,1
Blyth Spartans,Southampton FC,1
Gateshead,Southampton FC,1
Southampton FC,Östersund,1
Blackburn Rovers,Odense BK,1
Derby County,Hajduk Split,1
Monarcas Morelia,Swansea City,1
Arsenal,Swansea City,1
Rosenborg,Tottenham Hotspur,1
Watford FC,York City,1
Swindon Town,Watford FC,1
Swansea City,Östersund,1
Marseille,Watford FC,1
Olympique Lyon,Swansea City,1
Liverpool U23,Watford FC,1
Scarborough,Sunderland AFC,1
Juventus,Watford FC,1
Genoa,Tottenham Hotspur,1
Lekhwiya,Swansea City,1
Motherwell FC,Swansea City,1
Charlton Athletic,Peterborough,1
Montpellier,Tottenham Hotspur,1
Cambridge Utd.,Chelsea FC,1
Charlton Athletic,Wycombe,1
AC Le Havre,AFC Bournemouth,1
Arsenal FC,Paris SG,1
Piacenza,Tottenham Hotspur,1
FC Volendam,Leeds United,1
Harlow,Stoke City,1
Stade Reims,Swansea City,1
Derby County,Stockport,1
Blackburn Rovers,Derry City,1
Aalborg BK,Blackburn Rovers,1
Aarhus GF,Swansea City,1
Nordsjaelland,Sunderland AFC,1
Shimizu S-Pulse,West Ham United,1
Dep. La Coruña,Sunderland AFC,1
Helsingborg,Sunderland AFC,1
Hadley FC,Swansea City,1
Al-Arabi SC,Swansea City,1
Leeds United,York City,1
Leicester City,Olympiacos,1
AFC Bournemouth,Aberdeen FC,1
Recre Granada,Watford FC,1
Nottingham Forest,Scunthorpe Utd.,1
Everton,Nottingham Forest,1
West Adelaide SC,West Ham United,1
Crystal Palace,Olympiacos,1
Djurgården,West Bromwich Albion,1
Milan,West Ham United,1
Selangor FC,West Ham United,1
St Albans City,West Ham United,1
América,West Ham United,1
Manchester City,Racing Club,1
Manchester City,Zenit S-Pb,1
CC Yatai,Watford FC,1
Millwall,Sunderland AFC,1
Pereira,Watford FC,1
Norwich,Swansea City,1
Grimsby Town,Southampton FC,1
PSV Eindhoven,Swansea City,1
Athletic,Manchester United,1
Benfica,Nottingham Forest,1
AS Nancy,Sunderland AFC,1
Southampton FC,Viking FK,1
Chelsea FC,Zenit S-Pb,1
Chelsea FC,TJ Teda,1
Chelsea FC,SH SIPG,1
Brann,Southampton FC,1
FC Sheriff,Stoke City,1
Nagoya Grampus,Nottingham Forest,1
Dinamo Moscow,Manchester United,1
Colorado,Southampton FC,1
SSC Napoli,Southampton FC,1
FC St. Gallen,Leeds United,1
Badgers,Sunderland AFC,1
Nottingham Forest,Scarborough,1
Croatia Zagreb,Newcastle United,1
Arsenal FC,R. Strasbourg,1
Hull City,Melbourne City,1
Hull City,Ipswich,1
Chelsea FC,Huachipato,1
Chelsea FC,UD Las Palmas,1
Leeds United,Morton,1
Hibernian FC,Hull City,1
Coventry City,FC Sochaux,1
Chelsea FC,Exeter City,1
Coventry City,Monaco,1
Hull City,Lechia Gdansk,1
Hull City,Olympiacos,1
Hull City,Inter,1
Leicester City,Man Utd U21,1
FC Porto,Hull City,1
Inter,Leicester City,1
Hull City,Stade Rennais,1
Brommapojkarna,Manchester United,1
Middlesbrough FC,Rayo Vallecano,1
Levadia,Middlesbrough FC,1
Diósgyőr,Leicester City,1
Middlesbrough FC,Real Oviedo,1
Middlesbrough FC,Shrewsbury,1
Leicester City,Watford,1
Leicester City,Ross County,1
Leicester City,Mersin IY,1
Brocton FC,Burnley FC,1
Leeds United,Unknown,1
Limerick FC,Sunderland AFC,1
Chicago,Manchester United,1
Atl. Venezuela,Manchester City,1
Nottingham Forest,Tranmere Rovers,1
Burnley FC,RSC Anderlecht,1
Charlton,Derby County,1
Derby County,SC Veendam,1
Derby County,Torino,1
Leicester,Queens Park Rangers,1
FC Sion,Sheffield Wednesday,1
CA Osasuna,Leicester City,1
Leicester City,Leyton Orient,1
Benfica,Queens Park Rangers,1
Brighton,Queens Park Rangers,1
Maccabi Haifa,Queens Park Rangers,1
Leicester City,Trelleborg,1
Bradford,Queens Park Rangers,1
Derby County,Nuneaton,1
Coventry City,Dnipro,1
Eastleigh,Sunderland AFC,1
Nottingham Forest,San Jose Clash,1
Apol. Limassol,Sunderland AFC,1
Boca Juniors,Sunderland AFC,1
Fenerbahce,Sunderland AFC,1
Derby County,Hibernian FC,1
Coventry City,Udinese,1
Atlético-PR,Queens Park Rangers,1
Atlético Madrid,Sunderland AFC,1
RB Salzburg,Southampton FC,1
Man Utd U23,Sunderland AFC,1
Boavista,Sunderland AFC,1
Coventry City,Mansfield Town,1
Derby County,Rosario Central,1
Southampton FC,Steaua Bucharest,1
AFC Bournemouth,Genclerbirligi,1
Derby County,Sing Tao,1
PSV Eindhoven,Queens Park Rangers,1
Derby County,Watford,1
Comunicaciones,Derby County,1
Manchester City,Palmeiras,1
Blackburn Rovers,Panathinaikos,1
Halmstads BK,Nottingham Forest,1
Crystal Palace,Leicester City,1
CFR Cluj,Manchester United,1
Leicester City,Stafford Rangers,1
Bröndby IF,Tottenham Hotspur,1
KRC Genk,Leicester City,1
SF United,Tottenham Hotspur,1
CD Tenerife,Newcastle United,1
Doncaster,Liverpool FC,1
Dynamo Kyiv,Hull City,1
Nottingham Forest,Southampton,1
Hull City,Man Utd U23,1
Cannes,Chelsea FC,1
Derby County,Dundee United,1
Athletic,Middlesbrough FC,1
AC Milan,Middlesbrough FC,1
Gaziantep BB,Newcastle United,1
Middlesbrough FC,Perth Glory,1
Middlesbrough FC,Sporting Gijón,1
Aston Villa,Derby County,1
Ajax,Middlesbrough FC,1
Atalanta BC,Middlesbrough FC,1
Queens Park Rangers,SSC Napoli,1
Derby County,Lincoln City,1
AJ Auxerre,Derby County,1
Liverpool,Queens Park Rangers,1
Juventus,Queens Park Rangers,1
Aston Villa,Swindon Town,1
Olympiacos,West Ham United,1
Colorado,Everton FC,1
Watford FC,Werder Bremen,1
Coventry City,KRC Genk,1
Everton FC,Lausanne-Sport,1
Virtus Entella,Watford FC,1
Gillingham FC,Swansea City,1
Oxford United,Tottenham Hotspur,1
Trabzonspor,Watford FC,1
AEK Athens,Blackburn Rovers,1
Stade Brestois,Watford FC,1
FC Sheriff,Watford FC,1
Blackburn Acad.,Blackburn Rovers,1
Blackburn Rovers,FC St. Pauli,1
Coventry City,Vit./AGOVV U19,1
Manchester City,Vasco da Gama,1
Coventry City,Man City,1
Coventry City,Home Farm,1
Everton FC,Vanguard Huandao,1
Inter,Stoke City,1
Hull City,Norwich City,1
Steaua Bucharest,Watford FC,1
Crystal Palace,Paris SG,1
Spartak Moscow,Watford FC,1
Kettering,Leicester City,1
Burton Albion,Derby County,1
AZ Alkmaar,Watford FC,1
Leicester City,Wuppertaler SV,1
Perth Glory,Stoke City,1
Hamburger SV,Watford FC,1
Derby County,Fiorentina,1
Scunthorpe Utd.,Stoke City,1
Sevilla FC,Stoke City,1
Derby County,Silkeborg IF,1
Bohemians,Leicester City,1
Akron Zips,Wimbledon FC,1
FC Midtjylland,Stoke City,1
Coventry City,Lens,1
Bodø/Glimt,Southampton FC,1
Sheffield Wednesday,Worksop,1
Barnsley FC,Millwall,1
Chelsea FC,Santos Laguna,1
Málaga CF,Southampton FC,1
Bristol Rovers,Manchester United,1
Liverpool FC,Los Angeles,1
Imperial Acad.,Liverpool FC,1
Central Coast,Manchester City,1
Barnsley FC,Barnsley U18,1
Ebbsfleet,Tottenham Hotspur,1
Barnsley FC,Västerås SK,1
Barnsley FC,NK Maribor,1
Macclesfield,Manchester United,1
Arsenal FC,FC Basel,1
Barnsley FC,Cagliari Calcio,1
Bayern Munich,Newcastle United,1
GZ Evergrande,Tottenham Hotspur,1
Chelsea FC,JS Suning,1
Chelsea FC,New York RB,1
Dynamo Kyiv,Norwich City,1
AIK,Southampton FC,1
Coventry City,Fenerbahce,1
Bradford,Swansea City,1
Chesterfield FC,Southampton FC,1
Norwich City,Saint-Étienne,1
Coventry City,Lyngby BK,1
Barnsley FC,Gainsborough,1
AC Parma,Manchester United,1
SC Braga,Swansea City,1
FC Porto,Southampton FC,1
C. Rizespor,Norwich City,1
Norwich City,UD Las Palmas,1
Norwich City,Ponferradina,1
Norwich City,UD Almería,1
Barnsley FC,Scarborough,1
Norwich City,Real Betis,1
Crystal Palace,Hibernian FC,1
Ilkeston Town,Sheffield Wednesday,1
Heracles Almelo,West Bromwich Albion,1
Aston Villa,Barcelona B,1
Aston Villa,Córdoba CF,1
Milan,Newcastle United,1
Crystal Palace,Maccabi Haifa,1
Aston Villa,Frosinone,1
Aston Villa,SD Eibar,1
Leicester City,SM Caen,1
Calcio Monza,Crystal Palace,1
Crystal Palace,R. Strasbourg,1
AFC Bournemouth,Saint-Étienne,1
1.FSV Mainz 05,Leicester City,1
AFC Bournemouth,Crystal Palace,1
AFC Bournemouth,Middlesbrough,1
AFC Bournemouth,Southampton,1
Columbus Crew,Liverpool FC,1
AFC Bournemouth,Everton,1
Newcastle United,Olympiacos,1
Aston Villa,OGC Nice,1
Manchester United,York City,1
Aston Villa,FC Lorient,1
Barnsley FC,Sheff Utd,1
Leicester City,MK Dons,1
Kidderminster,Leicester City,1
Bolton Wanderers,VPS,1
Leicester City,Leicester U21,1
Barnsley FC,Northampton,1
FC Schalke 04,Leicester City,1
Rochdale,West Ham United,1
Newcastle United,Notts County,1
Barnsley FC,Oxford United,1
Dynamo Kyiv,Sunderland AFC,1
Leicester City,SSC Napoli,1
Brann,Chelsea FC,1
Barrow,Sunderland AFC,1
Liverpool Res.,Newcastle United,1
Chesterfield FC,West Bromwich Albion,1
Coventry City,Motherwell FC,1
Derby County,Panionios,1
Akademisk BK,Everton FC,1
Derby County,Fulham,1
Hajduk Split,Sheffield Wednesday,1
AFC Bournemouth,Rotherham,1
Hamilton Acad.,West Ham United,1
Sampdoria,West Ham United,1
Aston Villa,Real Zaragoza,1
Derry City,Everton FC,1
AFC Bournemouth,Racing,1
Liverpool U18,Sheffield Wednesday,1
AFC Bournemouth,Eastleigh,1
Boca Juniors II,Sheffield Wednesday,1
Leeds United,Rapid Vienna,1
Crystal Palace,Kerala Blasters,1
Austria Vienna,Sheffield Wednesday,1
Derby County,Napoli,1
IFK Göteborg,Sheffield Wednesday,1
Al-Nassr FC,West Ham United,1
AFC Bournemouth,Banbury,1
Genoa U19,Sheffield Wednesday,1
Olympiacos,West Bromwich Albion,1
Coventry City,Feyenoord,1
Coventry City,Grasshoppers,1
QPR,Wimbledon FC,1
AFC Bournemouth,Bournemouth U18,1
Everton FC,Viking FK,1
Lillestrøm,Wimbledon FC,1
Charlton,Wimbledon FC,1
Dep. La Coruña,Everton FC,1
CD Ourense,Leicester City,1
Sheffield Wednesday,Stoke City,1
Vasco da Gama,West Ham United,1
G. Bordeaux,Sheffield Wednesday,1
Cherry Orchard FC,Sheffield Wednesday,1
FC Tirol,Sheffield Wednesday,1
Lechia Gdansk,Manchester United,1
AJ Auxerre,Newcastle United,1
Barnsley FC,Bay. Leverkusen,1
Manchester City,Ufa,1
Al-Ahli (UAE),Liverpool FC,1
Arsenal FC,Halmstads BK,1
Arsenal FC,FC Lugano,1
Manchester City,SD Eibar,1
Coventry City,Karpaty,1
Arsenal FC,Huddersfield,1
Campomaiorense,Coventry City,1
Coventry City,St. Pat's,1
HNK Rijeka,Leicester City,1
Bayern Munich,Southampton FC,1
Burgess Hill,Hull City,1
Hull City,Loko Moscow,1
Everton FC,Sampdoria,1
Coventry City,FC Copenhagen,1
SD Luneng,Southampton FC,1
Gimnàstic,Manchester City,1
Maldonado,Manchester City,1
Leeds United,Willem II,1
Atl. Nacional,Manchester City,1
CD Tenerife,Middlesbrough FC,1
Crystal Palace,Genoa,1
Galway United,Queens Park Rangers,1
Leicester City,Motherwell FC,1
Coventry,Crystal Palace,1
Leicester City,Yeovil Town,1
Altrincham,Middlesbrough FC,1
B. Jerusalem,Crystal Palace,1
Arsenal FC,Sanf. Hiroshima,1
Chelsea FC,HJK Helsinki,1
Chelsea FC,Sabah,1
Arsenal FC,Sparta Prague,1
AZ Alkmaar,Tottenham Hotspur,1
Crystal Palace,SC Bastia,1
Crystal Palace,ÍBV,1
Real Sociedad,Southampton FC,1
Barton Rovers,Crystal Palace,1
Barnsley FC,Bristol City,1
Barnsley FC,Charlton Athletic,1
AFC Wimbledon,Stoke City,1
Dundee United,Stoke City,1
Bournemouth,Stoke City,1
Bury,Sheffield Wednesday,1
Charlton Athletic,Walton & Hersham FC,1
Chelsea FC,Dinamo Zagreb,1
Molde,Sheffield Wednesday,1
Chelsea FC,Olympiacos,1
Pachuca,West Ham United,1
Burnley,Leeds United,1
Portland,West Bromwich Albion,1
Hibernian FC,West Bromwich Albion,1
Leeds United,Torino,1
Leeds United,Southampton,1
Hamburger SV,Leeds United,1
El Ahly,Stoke City,1
Sheffield Wednesday,Vitesse,1
Leicester City,Standard Liège,1
Vélez Sarsfield,West Ham United,1
Crystal Palace,LOSC Lille,1
FC Sion,West Ham United,1
Coventry City,Rosenborg,1
Blackpool,Leeds United,1
Valencia,West Ham United,1
Man Utd U23,West Ham United,1
Leeds United,SuperSport Utd.,1
Brommapojkarna,West Ham United,1
Arsenal FC,FK Olimpik,1
Burnley,West Ham United,1
Leicester City,Selangor FC,1
U. Católica,West Ham United,1
Leicester City,PAOK Salonika,1
Linfield,Sheffield Wednesday,1
Liverpool FC,OGC Nice,1
Middlesbrough FC,UD Salamanca,1
Inter,Middlesbrough FC,1
Leicester City,Sporting Gijón,1
Atlético Madrid,West Ham United,1
Nottingham Forest,Wolves,1
Brisbane Roar,Manchester City,1
Leeds,Nottingham Forest,1
Manchester City,Ponferradina,1
Bursaspor,Manchester City,1
Cannes,West Ham United,1
Nottingham Forest,Stade Rennais,1
Leicester City,Zalgiris,1
AC Le Havre,Nottingham Forest,1
FC Haka,Nottingham Forest,1
Nottingham Forest,Rapid Vienna,1
Chelsea FC,Montreal,1
Arsenal FC,NAC Breda,1
Sampdoria,Sunderland AFC,1
Arsenal FC,Cherry Orchard FC,1
Manchester City,UD Almería,1
Crystal Palace,Nottingham Forest,1
Hannover 96,Leicester City,1
Nottingham Forest,QPR,1
Chievo Verona,Swansea City,1
Barnsley FC,Derby,1
1. FC Köln,Tottenham Hotspur,1
Swansea City,UP Langreo,1
NAC Breda,Newcastle United,1
Banik Ostrava,Newcastle United,1
KRC Genk,Newcastle United,1
Barnsley FC,Partizan,1
Crystal Palace,Margate FC,1
Bolton Wanderers,ÍA Akranes,1
Manchester United,Torino,1
Bolton Wanderers,Lazio,1
Arsenal FC,FC St. Pauli,1
Bolton Wanderers,Wimbledon FC,1
BJ Renhe,West Ham United,1
Nottingham Forest,Trabzonspor,1
Atlético-PR,Chelsea FC,1
Aston Villa,Grasshoppers,1
Arsenal FC,Guingamp,1
Newcastle United,Unknown,1
AEK Athens,Newcastle United,1
Southampton,Swansea City,1
Newcastle United,ÍA Akranes,1
Norwich City,VfL Wolfsburg,1
Feyenoord U19,Newcastle United,1
Dartford,Norwich City,1
Heerenveen,Newcastle United,1
Benfica,Middlesbrough FC,1
Orlando,Stoke City,1
Career break,Crystal Palace,1
Crystal Palace,Scunthorpe Utd.,1
Middlesbrough FC,Wolves FC,1
Crystal Palace,Man City,1
Cracovia,Leicester City,1
Newcastle United,Schweinfurt 05,1
AFC Wimbledon,Watford FC,1
DL Yifang,Watford FC,1
1.SC Feucht,Arsenal FC,1
AFC Bournemouth,Norwich,1
Middlesbrough,Nottingham Forest,1
Arsenal FC,Pro Sesto,1
Chelsea FC,FC Augsburg,1
Akhisar Belediye,West Ham United,1
AFC Bournemouth,Sheff Wed,1
Nottingham Forest,Stockport,1
Chelsea FC,Real Zaragoza,1
Arsenal FC,Grazer AK,1
FC Zürich,Nottingham Forest,1
Brisbane Strikers FC,Chelsea FC,1
Chelsea FC,Heybridge Swift,1
Apol. Limassol,West Ham United,1
Exeter City,Swansea City,1
Estudiantes,Tottenham Hotspur,1
Sheffield Wednesday,Spurs,1
Arsenal FC,Milan,1
Alavés,Aston Villa,1
Norwich City,Sint-Truiden,1
1.FC Nuremberg,Norwich City,1
KRC Genk,Sheffield United,1
Sheff Wed U23,Sheffield Wednesday,1
Sheffield Wednesday,St. George Saints,1
Sampdoria,Sheffield Wednesday,1
Al-Gharafa SC,Aston Villa,1
QPR,Sheffield Wednesday,1
Arsenal FC,Dijon,1
Aston Villa,Pafos FC,1
Blackburn,Sheffield Wednesday,1
Aston Villa,CD Leganés,1
Ipswich,Oldham Athletic,1
Brighton & Hove Albion,Lausanne-Sport,1
Brighton & Hove Albion,NAC Breda,1
Man Utd,Oldham Athletic,1
Brighton & Hove Albion,Liverpool,1
Clyde FC,Norwich City,1
Aston Villa,Waldh. Mannheim,1
Brighton & Hove Albion,SH Port,1
Hertha BSC,Norwich City,1
Norwich City,TSG Hoffenheim,1
Aston Villa,SM Caen,1
Brentford,Coventry City,1
Aston Villa,Heart of Midl.,1
Aston Villa,Waasl.-Beveren,1
Morton,Newcastle United,1
Montreal,Tottenham Hotspur,1
Bangor,Coventry City,1
Coventry City,Crewe Alexandra,1
Cork City,Coventry City,1
Barcelona SC,Wolverhampton Wanderers,1
FC Arges,Wolverhampton Wanderers,1
Coventry City,Ernest Borel,1
Cambridge Utd.,Wimbledon FC,1
Coventry City,Rotherham,1
Coventry City,Stockport,1
FC Emmen,Watford FC,1
AC Milan,AFC Bournemouth,1
Coventry City,Sunderland,1
Brighton & Hove Albion,FC Midtjylland,1
Barnet,Wimbledon FC,1
Brighton & Hove Albion,Go Ahead Eagles,1
Welling Utd.,Wimbledon FC,1
Brighton & Hove Albion,Burnley,1
Brighton & Hove Albion,Cheltenham,1
Brighton & Hove Albion,Real Betis,1
Leicester City,Trabzonspor,1
Leeds United,Stade Rennais,1
Leeds United,SC Freiburg,1
Leeds United,Luton,1
ADO Den Haag,Leeds United,1
Cambridge Utd.,Queens Park Rangers,1
Leeds United,Zulte Waregem,1
Birmingham,Oldham Athletic,1
Leeds United,RB Leipzig,1
Leicester City,Saint-Étienne,1
Legia Warszawa,Leicester City,1
Blackburn Rovers,Lillestrøm,1
Brighton,Liverpool FC,1
CA Talleres,Manchester City,1
Exeter City,Norwich City,1
FC Dinamo,Manchester City,1
Eastwood Town,Middlesbrough FC,1
Dundee FC,Everton FC,1
Everton FC,Storm,1
FC Copenhagen,Liverpool FC,1
Liverpool FC,Watford,1
Leeds United,Real Sociedad,1
Fulham FC,Motherwell FC,1
Fulham FC,Heracles Almelo,1
Fulham FC,Villarreal,1
Halesowen,Southampton FC,1
Brighton,Burnley FC,1
Dundee FC,Sheffield United,1
Burnley FC,Melbourne City,1
Chelsea FC,OGC Nice,1
Newcastle,Sheffield United,1
Aston Villa,Lyngby BK,1
Crystal Palace,RB Leipzig,1
Ipswich Town,Sporting CP,1
Everton FC,SSC Napoli,1
Everton FC,Marseille B,1
Coventry,Nottingham Forest,1
Everton FC,OGC Nice,1
Everton FC,SD Huesca,1
Fulham FC,Torino,1
Fulham FC,RB Leipzig,1
Fulham FC,Paris SG,1
Fulham FC,Galatasaray,1
Fulham FC,RCD Mallorca,1
Aston Villa,Melbourne City,1
Newcastle United,Seaham Red Star,1
Dep. Municipal,Newcastle United,1
Atl. Marbella,Tottenham Hotspur,1
VVV-Venlo,Watford FC,1
Aston Villa,Peterborough,1
Aston Villa,Fraserburgh,1
Crystal Palace,Pafos FC,1
Crystal Palace,Troyes,1
Newcastle United,TSG Hoffenheim,1
Amiens SC,Newcastle United,1
Liverpool FC,Újpest,1
Al-Ahli SC,Newcastle United,1
AFC Bournemouth,Club Brugge,1
Swansea,Watford FC,1
AFC Bournemouth,Millwall,1
AFC Bournemouth,QPR,1
Celtic Boys Club,Tottenham Hotspur,1
Coleraine U20,Southampton FC,1
Burnley FC,Helsingborg,1
Burnley FC,Chorley,1
Burnley FC,Royal Antwerp,1
Ayr United,Southampton FC,1
Southampton FC,Standard Liège,1
CA Osasuna,Watford FC,1
Lillestrøm,Oldham Athletic,1
Aston Villa,Stade Reims,1
Leicester City,Luton,1
Celtic,Sheffield United,1
Sheffield United,Viking FK,1
1.FSV Mainz 05,Everton FC,1
Everton FC,Miedz Legnica,1
Everton FC,Royal Antwerp,1
Southampton,Swindon Town,1
Newcastle,Swindon Town,1
Häcken,West Ham United,1
Boston Utd,Leeds United,1
Bury,Leicester City,1
Hertha BSC,Watford FC,1
Arsenal FC,IK Start,1
E. Frankfurt,West Ham United,1
FC Basel,West Ham United,1
SH SIPG,West Ham United,1
Sassuolo,West Ham United,1
1.FSV Mainz 05,West Ham United,1
FC Eindhoven,West Ham United,1
Arsenal,Watford FC,1
Man City U23,Watford FC,1
AZ Alkmaar,Southampton FC,1
Sheffield United,Wrexham,1
Brentford,Brighton & Hove Albion,1
Sheff Utd U23,Sheffield United,1
Heart of Midl.,Norwich City,1
Birmingham,Leeds United,1
Leeds United,Portsmouth,1
Bor. Dortmund,Norwich City,1
Sheffield United,Swansea,1
QPR,Sheffield United,1
KV Mechelen,Sheffield United,1
Sheffield United,Östersund,1
Chelsea FC,Silkeborg IF,1
Ipswich Town,Paços Ferreira,1
Brighton & Hove Albion,KRC Genk,1
Aberdeen FC,Ipswich Town,1
Ipswich Town,Oldham Athletic,1
Newcastle United,Scarborough,1
Alfreton,Sheffield United,1
Cambridge Utd.,Sheffield United,1
Sheffield United,Walsall,1
Heart of Midl.,Sheffield United,1
Shamrock Rovers,Sheffield United,1
Aston Villa,Kasimpasa,1
Maccabi Haifa,Norwich City,1
Newport County,Norwich City,1
Go Ahead Eagles,West Ham United,1
AEK Athens,Norwich City,1
Brighton & Hove Albion,Portsmouth,1
Hibernian FC,Sheffield United,1
Barnsley FC,Sheffield United,1
Brighton & Hove Albion,Salford,1
Sheffield United,Spurs,1
Sheffield United,Sogndal IL,1
Sheffield United,Spårvägen,1
Chelsea,Swindon Town,1
Altay SK,Swindon Town,1
Motherwell FC,Swindon Town,1
Swindon Town,Wycombe,1
Norwich City,Rochdale,1
Bor. M'gladbach,Norwich City,1
KV Oostende,Norwich City,1
Swindon Town,Wolves,1
Rapid Vienna,Swindon Town,1
Marítimo,West Ham United,1
Kettering,West Ham United,1
Darmstadt 98,Norwich City,1
Nagoya Grampus,Tottenham Hotspur,1
Liverpool U23,Sheffield United,1
Ross County,Wolverhampton Wanderers,1
Coventry City,Moor Green FC,1
Al-Raed,Newcastle United,1
Newcastle United,Vissel Kobe,1
Manchester United,Portadown,1
Coventry City,Ipswich,1
Burnley,Norwich City,1
Norwich City,Southampton,1
Norwich City,OGC Nice,1
Norwich City,Rostov,1
Coventry City,Watford,1
KAS Eupen,Norwich City,1
Flamengo,Manchester United,1
FC Basel,Norwich City,1
Norwich City,Waasl.-Beveren,1
Norwich City,Telstar,1
FC Zürich,Norwich City,1
Norwich City,Villarreal,1
RSC Anderlecht,Southampton FC,1
Marseille,Sheffield Wednesday,1
Al-Duhail SC,Tottenham Hotspur,1
FC Nantes,Watford FC,1
Manchester United,RKC Waalwijk,1
Estoril Praia,Manchester City,1
Crystal Palace,Galatasaray,1
CD Castellón,Leeds United,1
Bay. Leverkusen,Everton FC,1
DL Pro,Everton FC,1
Al-Rayyan SC,Everton FC,1
Everton FC,Sharjah FC,1
C. Rizespor,Everton FC,1
Barcelona,Leeds United,1
Leeds United,Vålerenga,1
Nottingham Forest,West Brom,1
Crystal Palace,Dulwich Hamlet,1
Al-Kharaitiyat,Leeds United,1
Adana Demirspor,Manchester City,1
Lech Poznan,Leeds United,1
Al-Ahli SFC,Leeds United,1
Elche CF,Leeds United,1
Leeds United,UD Ibiza,1
Leicester City,RB Salzburg,1
Leicester City,RB Leipzig,1
Leicester City,Torino,1
Charlotte Ind.,Leicester City,1
Liverpool FC,Olympique Lyon,1
Grimsby Town,Watford FC,1
Rochdale,Watford FC,1
Brighton,Oldham Athletic,1
Burnley FC,VfL Wolfsburg,1
Aston Villa,Internacional,1
Brentford FC,HB Köge,1
Brentford FC,Viborg FF,1
Alcorcón,Brentford FC,1
Brentford FC,Nordsjaelland,1
Brighton & Hove Albion,Pogon Szczecin,1
Brighton & Hove Albion,VfL Bochum,1
Brighton & Hove Albion,Genoa,1
Brighton & Hove Albion,KV Oostende,1
Crystal Palace,RWDM,1
Crawley Town,Oldham Athletic,1
Dynamo Kyiv,Everton FC,1
Leicester City,Udinese Calcio,1
Manchester United,SSC Napoli,1
Manchester United,Sevilla FC,1
OGC Nice,Watford FC,1
G. Bordeaux,Watford FC,1
Blackburn,Middlesbrough FC,1
New York RB,Watford FC,1
Suwon Bluewings,Wolverhampton Wanderers,1
Aston Villa,Basaksehir,1
Aston Villa,Barcelona,1
Arsenal FC,Udinese Calcio,1
AS Trencin,Arsenal FC,1
Watford FC,West Ham,1
Metalac,Watford FC,1
Portimonense,Watford FC,1
Betis Deportivo,Watford FC,1
M. Tel Aviv,Watford FC,1
UD Las Palmas,Watford FC,1
CSKA Moscow,West Ham United,1
Dynamo Moscow,West Ham United,1
Atl. Nacional,Wolverhampton Wanderers,1
Fehérvár,Wolverhampton Wanderers,1
Man City U23,Wolverhampton Wanderers,1
RB Leipzig,Wolverhampton Wanderers,1
Norwich City,Retired,1
Norwich City,Wolves,1
Sevilla FC,Wolverhampton Wanderers,1
AS Roma,Wolverhampton Wanderers,1
Club Brugge,Wolverhampton Wanderers,1
Tondela,Wolverhampton Wanderers,1
FC Empoli,Wolverhampton Wanderers,1
Dundee United,Nottingham Forest,1
Crystal Palace,Montpellier,1
Sarpsborg 08,Sheffield United,1
Grêmio,Manchester City,1
Aston Villa,Marseille,1
Aston Villa,Hajduk Split,1
Leeds United,St. Johnstone,1
AJ Auxerre B,Leeds United,1
1. FC Köln,Crystal Palace,1
Everton FC,FC Midtjylland,1
Dijon,Fulham FC,1
Fulham FC,Royal Antwerp,1
Leeds United,VfL Osnabrück,1
AJ Auxerre U19,Leeds United,1
Aston Villa U21,Wolverhampton Wanderers,1
Atalanta BC,Manchester United,1
Boca Juniors,Manchester United,1
Aston Villa,Banik Ostrava,1
FC Emmen,Sheffield United,1
Aarhus GF,Aston Villa,1
Galatasaray,West Bromwich Albion,1
Celta de Vigo,West Bromwich Albion,1
Los Angeles,West Bromwich Albion,1
RSC Charleroi,West Bromwich Albion,1
Liverpool,Wolverhampton Wanderers,1
Olympique Lyon,Wolverhampton Wanderers,1
Burnley,Crystal Palace,1
Elche CF,Southampton FC,1
Rangers,Sheffield United,1
Lazio,Tottenham Hotspur,1
Sheffield United,Shrewsbury,1
Beerschot V.A.,Sheffield United,1
Blackburn Rovers,Port Vale,1
Blackburn Rovers,Caroline Spring,1
Real Valladolid,Southampton FC,1
Blackburn Rovers,Middlesbrough,1
Angers SCO,Southampton FC,1
FC Den Haag,Southampton FC,1
Liverpool U23,Wolverhampton Wanderers,1
Southampton Aca,Southampton FC,1
Alloa Athletic,Southampton FC,1
Manchester City,R. Strasbourg,1
Alavés,West Bromwich Albion,1
Al-Ittihad Club,West Bromwich Albion,1
Real Valladolid,West Ham United,1
Manchester City,Wimbledon FC,1
NKK SC,Sheffield United,1
Sheffield United,Swindon Town,1
Silkeborg IF,West Ham United,1
Ajax,West Ham United,1
Gaziantep FK,Wolverhampton Wanderers,1
Brighton & Hove Albion,FC Augsburg,1
Benfica U19,Brighton & Hove Albion,1
Coventry,Ipswich Town,1
Derby,Ipswich Town,1
Brighton & Hove Albion,El Ahly,1
Brighton & Hove Albion,Feyenoord,1
Brighton & Hove Albion,Olympiacos,1
Brighton & Hove Albion,Real Sociedad,1
Brighton & Hove Albion,Hajduk Split,1
Chesterfield FC,Nottingham Forest,1
Brighton & Hove Albion,Cádiz CF,1
Aston Villa,Home Farm,1
Morton,Nottingham Forest,1
Burnley FC,Olympique Lyon,1
Burnley FC,Crystal Palace,1
Nottingham Forest,Sampdoria,1
Chelsea FC,Venezia,1
Nottingham Forest,Spurs,1
Crystal Palace,Olympique Lyon,1
Crystal Palace,Georgetown,1
Nottingham Forest,Notts County,1
Brighton & Hove Albion,Kawasaki Front.,1
Brighton & Hove Albion,Slavia Prague,1
Brighton & Hove Albion,Getafe,1
Chelsea Res.,Ipswich Town,1
Arsenal FC,Bologna,1
Arsenal FC,RSC Anderlecht,1
Arsenal FC,OH Leuven,1
Aston Villa,Bay. Leverkusen,1
Aston Villa,Inter,1
Brentford FC,Celtic,1
Brentford FC,FC Lorient,1
Chelsea FC,Drogheda United,1
Chelsea FC,Morton,1
Brentford B,Brentford FC,1
Arsenal FC,Dundee FC,1
Ipswich Town,NAC Breda,1
Brentford FC,Kasimpasa,1
Ipswich Town,Wrexham,1
Brentford FC,Silkeborg IF,1
Brentford FC,Legia Warszawa,1
Brentford FC,Middlesbrough,1
Bournemouth,Brentford FC,1
Beira-Mar,Ipswich Town,1
Korona Kielce,Wolverhampton Wanderers,1
Leyton Orient,Southampton FC,1
Chelsea FC,Rosenborg,1
FC Porto,Huddersfield Town,1
Bari,Sheffield Wednesday,1
Colorado,Sheffield Wednesday,1
Sheffield Wednesday,Wimbledon FC,1
Brentford,Hull City,1
Brighton & Hove Albion,Vancouver,1
Norwich,Sheffield Wednesday,1
Huddersfield Town,Man City,1
E. Frankfurt,Queens Park Rangers,1
Fulham,Huddersfield Town,1
FC Copenhagen,Huddersfield Town,1
Brighton & Hove Albion,Woking,1
1.FC Nuremberg,Huddersfield Town,1
Queens Park Rangers,Wolves,1
Huddersfield Town,Leeds,1
Huddersfield Town,Reading,1
Carlisle United,Queens Park Rangers,1
Queens Park Rangers,Rangers,1
Huddersf. U18,Huddersfield Town,1
Queens Park Rangers,Unknown,1
Queens Park Rangers,Southend U18,1
Brighton & Hove Albion,Genclerbirligi,1
Brighton & Hove Albion,Chesterfield FC,1
CS Emelec,Watford FC,1
Göztepe,Newcastle United,1
Exeter City,Manchester City,1
Bolton Wanderers,Grimsby Town,1
Bolton Wanderers,Milan,1
D.C. United,West Ham United,1
FC Groningen,West Ham United,1
AZ Alkmaar,Newcastle United,1
Chelsea FC,St. Mirren,1
CA Osasuna,Newcastle United,1
Newcastle United,Saint-Étienne,1
D.C. United,Middlesbrough FC,1
Brighton & Hove Albion,Oldham Athletic,1
Corinthians,Middlesbrough FC,1
Hull City,Nottingham Forest,1
Brighton & Hove Albion,Sporting CP,1
Brighton & Hove Albion,Viktoria Plzen,1
Bodø/Glimt,Brighton & Hove Albion,1
Almere City,Brighton & Hove Albion,1
Sheff Wed,Wimbledon FC,1
Leicester,Sheffield Wednesday,1
Brighton & Hove Albion,Swindon Town,1
Chertsey,Queens Park Rangers,1
Burnley,Huddersfield Town,1
Huddersfield Town,Welling Utd.,1
Leeds United,Merthyr Town,1
Burnley FC,Djurgården,1
Burnley FC,Shrewsbury,1
RSC Charleroi,Watford FC,1
Blackburn Rovers,Unknown,1
Blackburn Rovers,Bray Wanderers,1
St. Mirren,Tottenham Hotspur,1
Bayern Munich,Tottenham Hotspur,1
Bolton,Leeds United,1
Brighton & Hove Albion,Brommapojkarna,1
Huddersfield Town,Norwich,1
Bor. Dortmund,Queens Park Rangers,1
Leeds United,Wits University,1
Leeds United,Marc. Stallions,1
Manchester City,PEC Zwolle,1
Aston Villa,Cobh Ramblers,1
Manchester United,Shakhtar D.,1
Aston Villa,Galatasaray,1
Aston Villa,Partizan,1
Nottm Forest,Sheffield Wednesday,1
Cagliari Calcio,Liverpool FC,1
Burnley FC,Guiseley,1
Boavista,Manchester City,1
Crystal Palace,Zaglebie Lubin,1
Crystal Palace,FC Midtjylland,1
HNK Rijeka,Huddersfield Town,1
Waldh. Mannheim,West Ham United,1
West Ham Res.,West Ham United,1
Sparta R.,West Ham United,1
Bolton Wanderers,Dundee United,1
Bolton Wanderers,Leigh Genesis FC,1
Athletic,Manchester City,1
Arsenal FC,PAS Giannina,1
Bolton Wanderers,Partizan,1
Los Angeles,Manchester United,1
Bradford,Manchester City,1
Monaco,Southampton FC,1
Dundalk FC,Manchester City,1
West Bromwich Albion,Zamalek,1
DL Yifang,West Ham United,1
G. Ajaccio,Leicester City,1
Galatasaray,Stoke City,1
Rubin Kazan,Stoke City,1
FC Augsburg,Stoke City,1
Bor. M'gladbach,Manchester City,1
GZ Hengfeng,Watford FC,1
Man Utd,Wimbledon FC,1
Standard Liège,West Bromwich Albion,1
Manchester United,Slavia Prague,1
Career break,Coventry City,1
Coventry City,Tranmere Rovers,1
Coventry City,Standard Liège,1
RB Leipzig,West Bromwich Albion,1
Vitesse,West Bromwich Albion,1
Sembawang,Wimbledon FC,1
Dover Athletic,Wimbledon FC,1
Heart of Midl.,Wimbledon FC,1
Gillingham FC,Wimbledon FC,1
Galatasaray,Nottingham Forest,1
Bay. Leverkusen,West Ham United,1
Halmstads BK,West Ham United,1
Wimbledon FC,Woking,1
Tigres UANL,West Ham United,1
Galatasaray,West Ham United,1
Boavista,West Ham United,1
Leicester City,Sevilla FC,1
Aylesbury Utd.,Wimbledon FC,1
Chester,Leicester City,1
Manchester United,Trafford,1
Nottingham Forest,Real Oviedo,1
Coimbra,Manchester City,1
Arsenal FC,Toulouse,1
Manchester City,Villarreal,1
Antalyaspor,Manchester City,1
Basaksehir,Manchester City,1
Chelsea FC,Welling Utd.,1
Arsenal,Liverpool FC,1
Chelsea U23,Liverpool FC,1
Chelsea FC,Lillestrøm,1
Chelsea FC,R. Strasbourg,1
Arsenal FC,Liverpool,1
CA Osasuna,Middlesbrough FC,1
Hellas Verona,Southampton FC,1
Juventus,Middlesbrough FC,1
Manchester United,Real Sociedad,1
Career break,Nottingham Forest,1
AC Venezia 1907,Nottingham Forest,1
Everton FC,KAS Eupen,1
Everton FC,Sivasspor,1
Danubio FC,Everton FC,1
Lech Poznan,Southampton FC,1
Southampton FC,West Brom U23,1
Leicester City,VfB Stuttgart,1
Wimbledon FC,Wolves,1
FC Schalke 04,Stoke City,1
Luton,Sheffield Wednesday,1
Burnley FC,Huddersfield,1
Sheffield Wednesday,Without Club,1
Dundee United,Sheffield Wednesday,1
Burnley FC,Watford,1
Burnley FC,Nottm Forest,1
Burnley FC,Viking FK,1
Burnley FC,Southend United,1
Real Sociedad,Sheffield Wednesday,1
Inter,Sheffield Wednesday,1
Monaco,Sheffield Wednesday,1
Paris SG,Stoke City,1
Burnley,Watford FC,1
Aston Villa,Raith Rovers,1
Sporting CP,Watford FC,1
Aston Villa,Reggiana,1
Alavés,Watford FC,1
Leones FC,Watford FC,1
Häcken,Watford FC,1
CFR Cluj,Watford FC,1
Colchester Utd.,Watford FC,1
Leicester City,Royal Antwerp,1
Málaga CF,Swansea City,1
Leicester City,Wrexham,1
Akhisarspor,Swansea City,1
Stoke City,Stoke U23,1
FC Metz,Stoke City,1
Alavés,Stoke City,1
Stoke City,Toulouse,1
Girona,Stoke City,1
Ajax,Crystal Palace,1
Crystal Palace,Hull City,1
Leicester City,Sydney United,1
Swansea City,UD Las Palmas,1
Bayern Munich,Swansea City,1
Leamington,Swansea City,1
Hednesford,Leicester City,1
Leicester City,Peterborough,1
Burnley,Swansea City,1
Galatasaray,Swansea City,1
Reading,Swansea City,1
NAC Breda,Swansea City,1
Guingamp,Swansea City,1
Peterborough,Swansea City,1
RSC Anderlecht,Sheffield Wednesday,1
AC Horsens,Chelsea FC,1
Chornomorets,Southampton FC,1
Crystal Palace,NAC Breda,1
GZ R&F,Tottenham Hotspur,1
Arsenal FC,Sittingbourne FC,1
Everton FC,GZ Evergrande,1
Leicester City,Villarreal,1
Foggia,Nottingham Forest,1
Atlanta,Newcastle United,1
Arsenal,Nottingham Forest,1
FC Sion,Newcastle United,1
Crystal Palace,Gyeongnam FC,1
Crystal Palace,Oxford United,1
Kaizer Chiefs,Leeds United,1
AFC Bournemouth,Brentford,1
Crystal Palace,Grimsby Town,1
Kilmarnock FC,Manchester United,1
Coventry City,Without Club,1
U. Católica,Watford FC,1
Coventry City,PAOK Salonika,1
Burnley,Coventry City,1
Coventry City,Man Utd,1
Brighton & Hove Albion,Rostov,1
Manchester United,SD Luneng,1
Leeds United,Sundowns,1
SM Caen,Wolverhampton Wanderers,1
Cardiff City,Real Betis,1
Leixões,Tottenham Hotspur,1
Enfield FC,Tottenham Hotspur,1
Blackburn Rovers,Lens,1
Falkirk,Southampton FC,1
Manchester City,Sparta R.,1
Villarreal,Wolverhampton Wanderers,1
Cardiff City,Norwich,1
Cardiff City,Preston,1
Cardiff City,QPR,1
Athlone Town,Manchester City,1
Kawasaki Front.,Manchester City,1
Sutton Utd,West Ham United,1
Cardiff City,St. Johnstone,1
Bradford,Cardiff City,1
LA Salsa,West Ham United,1
Leeds United,Norwich,1
Atlético Madrid,Fulham FC,1
Fulham FC,Sevilla FC,1
Forest Green,Fulham FC,1
Fulham FC,LOSC Lille,1
Bristol Rovers,Wimbledon FC,1
Bradford,Wimbledon FC,1
Charlton,Huddersfield Town,1
Arsenal FC,Ituano,1
Liverpool FC,Trabzonspor,1
Sheffield Wednesday,Tranmere Rovers,1
Queens Park Rangers,Slavia Prague,1
Motherwell FC,Queens Park Rangers,1
Motherwell FC,Norwich City,1
King's Lynn,Norwich City,1
Aberdeen FC,Norwich City,1
Monterrey,Tottenham Hotspur,1
Besiktas,Tottenham Hotspur,1
Arsenal FC,Partizan,1
Crystal Palace,Huddersfield Town,1
Arsenal FC,FC Augsburg,1
Norwich City,Wimbledon FC,1
Home Farm,Norwich City,1
LDU Quito,Manchester United,1
Estudiantes,Ipswich Town,1
AC Milan,Wolverhampton Wanderers,1
Argentinos Jrs.,Ipswich Town,1
Aarhus GF,Ipswich Town,1
Everton FC,Unknown,1
Club Brugge,Liverpool FC,1
Liverpool FC,PEC Zwolle,1
Port Vale,Sheffield Wednesday,1
Genoa,Sheffield Wednesday,1
El Ahly,Huddersfield Town,1
Huddersfield Town,Ipswich,1
Rochdale,Wimbledon FC,1
FC Groningen,Wolverhampton Wanderers,1
Penang,Wimbledon FC,1
Coventry,Wimbledon FC,1
Norwich,Wimbledon FC,1
Cardiff City,FC Nantes,1
Cardiff City,Reading,1
Cardiff City,Everton,1
Cardiff City,Crawley Town,1
Fulham FC,TSG Hoffenheim,1
Fulham FC,Y. Malatyaspor,1
Columbus Crew,Manchester City,1
Gamba Osaka,Manchester City,1
Manchester City,Sporting Gijón,1
Retired,Sheffield Wednesday,1
Helsingborg,Sheffield Wednesday,1
Middlesbrough,Sheffield Wednesday,1
Aarhus GF,Liverpool FC,1
Club Brugge,Everton FC,1
Arsenal FC,Bay. Leverkusen,1
AFC Bournemouth,Levante,1
Newcastle United,Peterborough,1
Lens,Newcastle United,1
Benfica,Coventry City,1
Crystal Palace,Getafe,1
Crystal Palace,FC Schalke 04,1
Coventry City,Luton,1
Cork City,Crystal Palace,1
Al-Nasr,Crystal Palace,1
Manchester United,Wimbledon FC,1
AFC Bournemouth,CD Leganés,1
Newcastle United,R. Strasbourg,1
Lincoln City,Newcastle United,1
AFC Bournemouth,MK Dons,1
Blackburn,Nottingham Forest,1
Bor. Dortmund,West Ham United,1
Vit. Guimarães,West Ham United,1
Liverpool,Nottingham Forest,1
Bologna,Watford FC,1
Watford FC,Östersund,1
Watford FC,West Ham U23,1
Coventry City,Galatasaray,1
Newcastle United,Real Sociedad,1
Oldham Athletic,Wolverhampton Wanderers,1
Everton FC,Villarreal,1
Linfield,Wimbledon FC,1
Arsenal FC,PAOK Salonika,1
Arsenal FC,Frosinone,1
Shrewsbury,Wimbledon FC,1
Burnley FC,Man City,1
Nottm Forest,Wimbledon FC,1
Newcastle,Wimbledon FC,1
Everton FC,Shakhtar D.,1
Everton FC,Werder Bremen,1
Everton FC,Real Betis,1
Coventry City,Wycombe,1
D.C. United,Everton FC,1
FC Porto,Leicester City,1
Dinamo Zagreb,Leicester City,1
Al-Nassr FC,Leicester City,1
Coventry City,Vasco da Gama,1
Leicester City,Pachuca,1
Coventry City,St. Johnstone,1
1.FSV Mainz 05,Newcastle United,1
Coventry City,Shelbourne,1
Banants,Watford FC,1
Al-Nassr FC,Watford FC,1
Boca Juniors,Watford FC,1
Plymouth,Wimbledon FC,1
Bor. Dortmund,Huddersfield Town,1
Bohemians,Newcastle United,1
Ljungskile,Manchester United,1
Chelsea,Huddersfield Town,1
Coventry,Huddersfield Town,1
Bristol Rovers,Huddersfield Town,1
Bor. M'gladbach,Southampton FC,1
FC Basel,Southampton FC,1
Coventry City,Everton,1
Rosenborg,Wimbledon FC,1
Nottingham Forest,Torino,1
Burnley,Leicester City,1
Leicester City,Sunderland,1
Ipswich Town,West Ham,1
Doncaster,Ipswich Town,1
Maidenhead Utd.,Wolverhampton Wanderers,1
Everton FC,Mansfield Town,1
Everton FC,Pécsi MFC,1
Heracles Almelo,Wolverhampton Wanderers,1
Colorado,Wolverhampton Wanderers,1
Huddersfield Town,Leicester,1
Arsenal FC,Stabæk Fotball,1
R. Strasbourg,West Ham United,1
FC Schalke 04,West Ham United,1
Ankaragücü,Watford FC,1
Nottingham Forest,Wimbledon FC,1
Nottingham Forest,Sheff Wed,1
Middlesbrough FC,Unknown,1
AZ Alkmaar,Brighton & Hove Albion,1
Brighton & Hove Albion,LOSC Lille,1
Brighton & Hove Albion,RB Leipzig,1
Brighton & Hove Albion,Dep. La Coruña,1
Brighton & Hove Albion,Sundowns,1
Brighton & Hove Albion,Esbjerg fB,1
1.FSV Mainz 05,Brighton & Hove Albion,1
Chelsea FC,Sampdoria,1
Arsenal FC,Unknown,1
Brighton & Hove Albion,Reading,1
Brighton & Hove Albion,Millwall,1
Brighton & Hove Albion,SC Paderborn,1
Brighton & Hove Albion,Norwich,1
Brighton & Hove Albion,Newport County,1
Falkirk,Manchester City,1
Crawley Town,Hull City,1
Manchester City,Stade Rennais,1
Boston Utd,Hull City,1
Brighton,Hull City,1
Arsenal FC,Grasshoppers,1
Arsenal FC,Parma FC Youth,1
Bursaspor,Wolverhampton Wanderers,1
Gretna FC,Hull City,1
Newcastle,Wolverhampton Wanderers,1
1.FC K'lautern,Leicester City,1
Kilmarnock FC,Leicester City,1
Hull City,Silkeborg IF,1
AC Ajaccio,Portsmouth FC,1
Portsmouth FC,VfB Stuttgart,1
Chelsea FC,Santos FC,1
Career break,Hull City,1
Admira Wacker,Portsmouth FC,1
Manchester United,Partizan,1
Portsmouth FC,RSC Anderlecht,1
Bolton Wanderers,Village United,1
Blackburn Rovers,Sparta Prague,1
Aston Villa,Espanyol,1
Aston Villa,Incheon Utd.,1
Adelaide United,Blackburn Rovers,1
Hull City,Man City,1
Hull City,Paris SG,1
Hearts of Oak,Portsmouth FC,1
Barça U19,Manchester United,1
Charlton Athletic,PSV Eindhoven,1
Aston Villa,St. Johnstone,1
Newcastle United,Sydney FC,1
Istanbulspor,Newcastle United,1
Bristol City,Newcastle United,1
Barcelona,Newcastle United,1
AC Le Havre,Newcastle United,1
Liverpool FC,St. Pat's,1
AEL Limassol,Manchester United,1
Inverness CT,Stoke City,1
Hull City,Rotherham,1
Notts County,Stoke City,1
Linfield,Stoke City,1
Chelsea FC,Grasshoppers,1
Chelsea FC,Rapid Vienna,1
Avellino,Chelsea FC,1
Hull City,Plymouth,1
Hull City,Rangers,1
Chelsea FC,Penafiel,1
Chelsea FC,EC Vitória,1
AEK Athens,Portsmouth FC,1
Portsmouth FC,Real Madrid,1
Blackburn Rovers,Kilmarnock FC,1
USL Dunkerque,Wolverhampton Wanderers,1
Ancona,Blackburn Rovers,1
Aalesund,Stoke City,1
Man Utd,Stoke City,1
Blackburn Rovers,Eintracht Trier,1
Hannover 96,Liverpool FC,1
Newcastle United,Rosario Central,1
Manchester United,Notts County,1
Betis B,Liverpool FC,1
Liverpool FC,Real Zaragoza,1
Chelsea FC,MFK Košice,1
Busan I'Cons,Southampton FC,1
Bradford,Wolverhampton Wanderers,1
Chelsea FC,Dynamo Kyiv,1
KRC Genk,Wolverhampton Wanderers,1
RAEC Mons,Wolverhampton Wanderers,1
Arsenal FC,Coimbra,1
Shakhtar D.,Wolverhampton Wanderers,1
CS Sedan,Wolverhampton Wanderers,1
Leiria,Wolverhampton Wanderers,1
Everton FC,Ventura County,1
Forest Green,Southampton FC,1
KSV Roeselare,West Bromwich Albion,1
Millwall,Portsmouth FC,1
Rosenborg,Sunderland AFC,1
Leeds United,Shelbourne,1
KV Oostende,Leeds United,1
Sporting Fingal,West Ham United,1
Al-Nassr FC,Tottenham Hotspur,1
NK Domzale,Newcastle United,1
Newcastle United,Sampdoria U19,1
Necaxa,Wigan Athletic,1
Birmingham City,CD Cruz Azul,1
Birmingham City,Los Angeles,1
Bolton Wanderers,QPR,1
Cracovia,West Bromwich Albion,1
Bolton Wanderers,Slask Wroclaw,1
Arsenal Res.,Charlton Athletic,1
MK Dons,Middlesbrough FC,1
Fulham FC,Hannover 96,1
Colchester Utd.,Middlesbrough FC,1
Man City,Middlesbrough FC,1
AS Nancy,West Bromwich Albion,1
Club Brugge,Tottenham Hotspur,1
SD Aucas,Southampton FC,1
Charlton Athletic,Paris SG,1
Akademisk BK,Charlton Athletic,1
Viktoria Plzen,West Bromwich Albion,1
Hayes & Yeading,Portsmouth FC,1
Blackburn Rovers,Torino,1
Modena,Portsmouth FC,1
Portsmouth FC,Weymouth FC,1
Hawks FC,Portsmouth FC,1
Inter,Portsmouth FC,1
Portsmouth FC,Rangers,1
FC Hjörring,Portsmouth FC,1
Exeter City,Portsmouth FC,1
Portsmouth FC,Real Zaragoza,1
CSKA Moscow,Manchester City,1
Aston Villa,Juventus,1
Southampton FC,Wycombe,1
Southampton FC,W Connection,1
Guingamp,Southampton FC,1
Halmstads BK,Southampton FC,1
Manchester City,Plymouth,1
Middlesbrough FC,Santos FC,1
Hibernian FC,Middlesbrough FC,1
River Plate,West Ham United,1
Kilmarnock FC,Middlesbrough FC,1
Aston Villa,Sparta Prague,1
Aston Villa,Chivas USA,1
Charlton Athletic,Fulham,1
MTK Budapest,Tottenham Hotspur,1
Chelsea FC,Dnipro,1
Blackburn Rovers,Real Sociedad,1
Blackburn Rovers,Tromsø IL,1
Arsenal FC,W. Bremen II,1
Dundee United,Tottenham Hotspur,1
Arsenal FC,Panathinaikos,1
Liverpool FC,Udinese,1
Liverpool FC,Palmeiras,1
Swindon U18,Tottenham Hotspur,1
Dep. La Coruña,Tottenham Hotspur,1
Aston Villa,Rangers,1
Grasshoppers,Tottenham Hotspur,1
Heerenveen,Tottenham Hotspur,1
OGC Nice,Tottenham Hotspur,1
FC Basel,Tottenham Hotspur,1
1.FC Nuremberg,Everton FC,1
Pol. Warsaw,Portsmouth FC,1
Brentford,Portsmouth FC,1
Beira-Mar,Portsmouth FC,1
Everton FC,VfL Osnabrück,1
AE Larisa,West Ham United,1
Dinamo Zagreb,Tottenham Hotspur,1
Fenerbahce,Newcastle United,1
Heerenveen,West Bromwich Albion,1
Fulham FC,Sporting CP,1
Bolton Wanderers,Esperance,1
Al-Rayyan SC,Bolton Wanderers,1
Fulham FC,Harrow Borough,1
FC Lahti,Fulham FC,1
Fulham FC,Odense BK,1
Bolton Wanderers,Real Valladolid,1
Career break,Fulham FC,1
Bolton Wanderers,Oakwood U19,1
Bolton Wanderers,FC Ashdod,1
Genclerbirligi,Newcastle United,1
Career break,Charlton Athletic,1
NEC Nijmegen,West Bromwich Albion,1
Livingston FC,West Bromwich Albion,1
AZ Alkmaar,West Bromwich Albion,1
Charlton Athletic,Crawley Town,1
Charlton Athletic,Ovarense,1
Tamworth,West Bromwich Albion,1
Charlton Athletic,Lazio,1
Charlton Athletic,Coventry,1
Fulham FC,Xamax,1
Fulham FC,Maidstone,1
Bolton Wanderers,MSP Szamotuly,1
Fulham FC,Rosenborg,1
Birmingham City,Charlton,1
Middlesbrough FC,Paris SG,1
Middlesbrough FC,Sparta R.,1
Middlesbrough FC,Sporting CP,1
Middlesbrough FC,Seongnam Ilhwa,1
Fulham FC,Parma,1
Ballymena,Fulham FC,1
FC Groningen,Wigan Athletic,1
Hajduk Split,Wigan Athletic,1
Stalybridge II,Wigan Athletic,1
Fulham FC,Newcastle U18,1
Sunderland AFC,Western Suburbs,1
Bolton Wanderers,Stalybridge,1
Sunderland AFC,Unknown,1
Bolton Wanderers,C. Rizespor,1
Bolton Wanderers,Bray Wanderers,1
Bolton Wanderers,Lisburn FC,1
Bolton Wanderers,New England,1
Bolton Wanderers,Ipswich,1
Everton FC,Hamilton Acad.,1
Ayr United,Leicester City,1
Halifax Town,Leicester City,1
PAOK Salonika,West Bromwich Albion,1
Liverpool FC,Macclesfield,1
FC Nantes,Manchester United,1
Atlético-PR,Manchester United,1
Birmingham City,Bristol Rovers,1
Fulham FC,Pohang Steelers,1
FK Jablonec,Tottenham Hotspur,1
Birmingham City,G. Bordeaux,1
Birmingham City,Ipswich,1
St. Pat's,West Bromwich Albion,1
Al-Sailiya SC,Manchester City,1
Manchester United,MetroStars,1
Bor. M'gladbach,Wigan Athletic,1
FC Sochaux,Manchester City,1
Scunthorpe Utd.,Sunderland AFC,1
Besiktas,Sunderland AFC,1
Bolton Wanderers,Scarborough,1
Bolton Wanderers,Houston,1
Bolton Wanderers,Djurgården,1
Portsmouth FC,Werder Bremen,1
Portsmouth FC,Standard Liège,1
Dinamo Moscow,Liverpool FC,1
Manchester United,Unknown,1
Aris Saloniki,Birmingham City,1
Burnley FC,Man Utd Res.,1
Birmingham City,Kayserispor,1
Birmingham City,GKS Belchatow,1
AZ Alkmaar,Birmingham City,1
Burnley FC,Hibernian FC,1
Burnley FC,Reading,1
Chelsea FC,Kingstonian FC,1
Accrington,Burnley FC,1
Aston Villa U18,Chelsea FC,1
Newcastle United,Newell's,1
Dunfermline A.,Newcastle United,1
Braintree,Manchester United,1
AGOVV,Newcastle United,1
Bay. Leverkusen,Burnley FC,1
Arsenal FC,Rochdale,1
Arsenal FC,Roanoke Star,1
Arm. Bielefeld,Burnley FC,1
Burnley FC,Sparta Oborniki,1
Burnley FC,Tranmere Rovers,1
1860 Munich,Burnley FC,1
Arsenal FC,Servette FC,1
Blackburn Rovers,Saint-Étienne,1
Blackburn Rovers,VfB Stuttgart,1
Charlton Athletic,Southampton,1
AC Arles,Blackpool FC,1
Aston Villa,Bluebell United,1
Blackpool FC,Mlada Boleslav,1
Blackpool FC,Wigan,1
Al-Ittihad Club,West Ham United,1
FC Istres,West Ham United,1
Cheltenham,West Ham United,1
Blackpool FC,Notts County,1
Blackpool FC,Mersin IY,1
Blackpool FC,Exeter City,1
Blackpool FC,Retired,1
Blackburn Rovers,Cork City,1
Blackpool FC,Swansea,1
Arsenal Res.,West Ham United,1
Chelsea FC,Transnet School of Excellence,1
Twente FC,Wigan Athletic,1
Club Brugge,Wigan Athletic,1
Jagiellonia,Wigan Athletic,1
Umm Salal SC,Wigan Athletic,1
Manchester United,Vit. Guimarães,1
Chivas,Manchester United,1
Blackpool FC,Monaco,1
Blackpool FC,Maccabi Haifa,1
Blackpool FC,Twente FC,1
Aston Villa,Blackpool FC,1
Blackburn Rovers,Sivasspor,1
Haladás,Hull City,1
Drogheda United,Southampton FC,1
Monaghan United,Wolverhampton Wanderers,1
Al-Hilal SFC,Southampton FC,1
Peterborough,Wolverhampton Wanderers,1
Birmingham City,Sporting Gijón,1
Birmingham City,Huddersfield,1
Burnley FC,Celtic,1
Boussu Dour,Tottenham Hotspur,1
Burnley FC,Cork City,1
Burnley FC,Dundee United,1
Burnley FC,Monaco,1
Calgary Storm,Tottenham Hotspur,1
Blackpool FC,Leicester,1
Blackpool FC,CSKA Sofia,1
Blackpool FC,Bolton,1
Blackpool FC,Man Utd Res.,1
Blackpool FC,Wycombe,1
Birmingham City,Southampton,1
Birmingham City,Motherwell FC,1
Leicester City,Swindon Town,1
Bolton Wanderers,FC Seoul,1
Aberdeen FC,Bolton Wanderers,1
Nacional,Stoke City,1
Bolton Wanderers,Wrexham,1
Bolton Wanderers,Sporting CP,1
AC Milan,Bolton Wanderers,1
Bolton Wanderers,Olympiacos,1
Bolton Wanderers,Olympique Lyon,1
Aston Villa,Glentoran,1
Aston Villa,FK Lyn,1
Bolton Wanderers,Wolves U18,1
Swansea,Wigan Athletic,1
Aarhus GF,Leeds United,1
Leeds United,Leyton Orient,1
Blackburn,Portsmouth FC,1
Espanyol,Portsmouth FC,1
Genoa,Portsmouth FC,1
FC Lorient,Portsmouth FC,1
Hércules CF,Portsmouth FC,1
Monaco,Portsmouth FC,1
Portsmouth FC,Redhill,1
Wigan Athletic,Wycombe,1
Espanyol,Wigan Athletic,1
Cagliari Calcio,Chelsea FC,1
AS Livorno,West Ham United,1
Darlington,Leicester City,1
Bolton U23,Leicester City,1
Fulham FC,Kalmar FF,1
Fulham FC,Golden Arrows,1
Chievo Verona,Leicester City,1
Fulham FC,KSV Roeselare,1
Fulham FC,Sivasspor,1
Belvedere FC,Leicester City,1
Cagliari Calcio,Portsmouth FC,1
Barnsley FC,Portsmouth FC,1
Brescia,Portsmouth FC,1
Nordsjaelland,Portsmouth FC,1
Derry City,Portsmouth FC,1
Chelsea U18,West Ham United,1
Cádiz CF,West Ham United,1
CA Cerro,West Ham United,1
Manchester City,Saint-Étienne,1
Manchester City,Yeovil Town,1
Ankaragücü,Manchester City,1
FC Utrecht,Portsmouth FC,1
Blackburn Rovers,Hajduk Split,1
Amiens SC,Blackburn Rovers,1
Blackburn Rovers,Real Madrid,1
MK Dons,Wolverhampton Wanderers,1
Rapid Vienna,Wolverhampton Wanderers,1
Wolverhampton Wanderers,Újpest FC,1
Longford Town,Manchester City,1
1.FC K'lautern,Manchester City,1
Lens,Manchester City,1
Amiens SC,Southampton FC,1
Preston,Wolverhampton Wanderers,1
Southampton FC,St-Étienne U19,1
Wolverhampton Wanderers,Wulfrunians,1
Southampton FC,Sunderland,1
Blackburn Rovers,Club Brugge,1
Everton FC,Stirling Albion,1
Blackburn Rovers,St. Kickers II,1
Blackburn Rovers,Feyenoord,1
Birmingham City,Cardiff,1
Birmingham City,Rangers,1
Lausanne-Sport,Liverpool FC,1
Birmingham City,Galway United,1
Birmingham City,West Ham,1
Blackburn U18,Liverpool FC,1
Career break,Manchester City,1
Marseille,Wolverhampton Wanderers,1
Orlando Pirates,Tottenham Hotspur,1
Raith Rovers,Tottenham Hotspur,1
Fulham FC,RW Essen,1
Blackburn Rovers,Shrewsbury,1
Blackburn Rovers,Partick Thistle,1
CS Sedan B,Sunderland AFC,1
Sunderland AFC,Toluca,1
Beira-Mar,Birmingham City,1
Atl. Baleares,Sunderland AFC,1
Hull City,Reading,1
Hull City,US Boulogne,1
Celta de Vigo,Hull City,1
Celtic,Hull City,1
Birmingham City,Darlington,1
Birmingham City,Swindon Town,1
Birmingham City,Rosario Central,1
Bridlington,Charlton Athletic,1
Charlton Athletic,Djurgården,1
Hull City,MK Dons,1
Boavista,Charlton Athletic,1
Middlesbrough FC,Racing,1
Blackburn Rovers,Viking FK,1
Carlisle United,Manchester City,1
Manchester United,Santos FC,1
Barça U19,Portsmouth FC,1
Falkenberg,Liverpool FC,1
Leeds,Portsmouth FC,1
Aston Villa,Portsmouth FC,1
Ayr United,Portsmouth FC,1
Bolton Wanderers,FC Senec,1
Bolton Wanderers,Red Star FC 93,1
Middlesbrough FC,Pohang Steelers,1
Kaizer Chiefs,Portsmouth FC,1
Portsmouth FC,Sevilla FC,1
Manchester City,New York RB,1
Kayserispor,Portsmouth FC,1
KRC Genk,Portsmouth FC,1
Once Caldas,Portsmouth FC,1
Blackburn Rovers,Stuttg. Kickers,1
Aston Villa,New York RB,1
Aston Villa,Saint-Pierroise,1
Charlton Athletic,Man City,1
ASEC Mimosas,Charlton Athletic,1
Charlton Athletic,Dulwich Hamlet,1
Charlton Athletic,SD Luneng,1
Everton FC,Partick Thistle,1
Man Utd,Watford FC,1
Bröndby IF,Charlton Athletic,1
Spurs U18,Watford FC,1
Hyde FC,Wigan Athletic,1
Buxton,Sheffield United,1
Gillingham FC,Sheffield United,1
Genclerbirligi,Wigan Athletic,1
SC Bastia,Wigan Athletic,1
Rotherham,Wigan Athletic,1
Sunderland AFC,Wrexham,1
ETO FC Győr,Watford FC,1
Linfield,Sunderland AFC,1
Charlton,Watford FC,1
Luton,West Bromwich Albion,1
Brighton,Watford FC,1
Charlton U18,Watford FC,1
Perth Glory,Sunderland AFC,1
R. Strasbourg,Sunderland AFC,1
Sunderland AFC,Waterford Utd,1
Redditch,Watford FC,1
Chester City,Watford FC,1
Aalborg BK,West Bromwich Albion,1
West Bromwich Albion,Ölstykke FC,1
Barnet,Fulham FC,1
Charlton Athletic,Fredrikstad,1
Barnsley FC,Manchester City,1
FC Istres,Watford FC,1
Sheffield United,Watford,1
Charlton Athletic,Inter,1
Sheffield United,Wigan,1
CD Blades,Sheffield United,1
Hinckley United,Sheffield United,1
Brentford,Sheffield United,1
Leicester,Watford FC,1
Sheff Utd,Watford FC,1
US Créteil-L,Watford FC,1
Veranopolis,Watford FC,1
Charlton Athletic,Unknown,1
Charlton Athletic,Sunderland,1
Charlton Athletic,Olympique Lyon,1
Charlton Athletic,HK Kópavogs,1
Charlton Athletic,Perugia,1
Aston Villa,Watford FC,1
Kettering,Watford FC,1
Aston Villa,VfB Stuttgart,1
Scarborough Athletic,Tottenham Hotspur,1
Brisbane Roar,Tottenham Hotspur,1
BK Frem U19,Charlton Athletic,1
FC São Paulo B,Sheffield United,1
Charlton Athletic,Defensor,1
Birmingham City,Sydney FC,1
Fulham FC,New England,1
Dinamo Moscow,Fulham FC,1
Aldershot,Fulham FC,1
Blackburn Rovers,Hertha BSC,1
Busan I'Park,Fulham FC,1
Fulham FC,Panionios,1
FC Zürich,Portsmouth FC,1
Elfsborg,Portsmouth FC,1
Preston,Wigan Athletic,1
Birmingham City,HB Tórshavn,1
AC Le Havre,Sheffield United,1
Reading FC,Stoke City,1
Cork City,Reading FC,1
Akademisk BK,Reading FC,1
FC Metz,Reading FC,1
Heidelberg Utd.,Reading FC,1
Reading FC,Wexford Youths,1
Helsingborg,Sheffield United,1
Sheffield United,Sunderland,1
Ismaily,Sheffield United,1
Sheffield United,Southend United,1
Swindon Town,Wigan Athletic,1
Racing,West Ham United,1
Chelsea FC,Nacional,1
Banfield,Liverpool FC,1
Fulham FC,Hammarby,1
Arsenal FC,Watford U18,1
Chelsea FC,Estudiantes,1
Fulham FC,Lorca Deportiva,1
Carlisle United,Fulham FC,1
Fulham FC,Grays Athletic FC,1
Al-Wakrah SC,Fulham FC,1
Chelsea FC,FC Bassin d'Arcachon,1
Chelsea FC,Hapoel Tel Aviv,1
Charlton Athletic,Malmö FF,1
Beira-Mar,Newcastle United,1
Juventus,Newcastle United,1
Newcastle United,Vancouver,1
Blackburn Rovers,FC Porto,1
Chelsea FC,FK Lyn,1
Ashton United,Blackburn Rovers,1
Hajduk Split,Portsmouth FC,1
Club Brugge,Portsmouth FC,1
Portsmouth FC,UD Almería,1
Charlton Athletic,Kaizer Chiefs,1
Charlton Athletic,GNFC,1
Viktoria Zizkov,West Ham United,1
LOSC Lille U19,Tottenham Hotspur,1
Alem. Aachen,Middlesbrough FC,1
CS Sedan,Middlesbrough FC,1
Manchester City,Newry City,1
Bolton Wanderers,Career break,1
Manchester City,Zulte Waregem,1
Bolton Wanderers,Qatar SC,1
Al-Wakrah SC,Bolton Wanderers,1
Al-Ittihad Club,Bolton Wanderers,1
Saint-Étienne,Tottenham Hotspur,1
Everton Res.,Tottenham Hotspur,1
Charlton Athletic,Stevenage,1
Tottenham Hotspur,Willem II,1
Aston Villa,Levante,1
Bolton Wanderers,FC Aboomoslem,1
ADO Den Haag,Aston Villa,1
Charlton Athletic,FC Sochaux,1
Bolton Wanderers,Man Utd,1
Charlton Athletic,Feyenoord,1
Bolton Wanderers,Fenerbahce,1
Liverpool FC,PSV Eindhoven,1
CS Sedan,Portsmouth FC,1
Loko Moscow,Wigan Athletic,1
Vissel Kobe,Wigan Athletic,1
Fleet Town FC,Reading FC,1
MYPA,Manchester City,1
Debrecen,Reading FC,1
Aston Villa,Reading FC,1
Arsenal U18,Reading FC,1
Arsenal,Reading FC,1
Arnold Town,Middlesbrough FC,1
Blackburn,Bolton Wanderers,1
Manchester United,Spartak Moscow,1
Mansfield Town,Reading FC,1
Arsenal FC,Falkirk,1
Portsmouth FC,Skoda Xanthi,1
Arsenal FC,Guadalajara U20,1
MSK Zilina,West Ham United,1
Brighton,Sheffield United,1
Dynamo Kyiv,West Ham United,1
Derby U18,Sheffield United,1
Sheffield United,Troyes,1
Man City,Sheffield United,1
Le Mans UC 72,West Ham United,1
JC Abidjan,Sheffield United,1
Feyenoord,Tottenham Hotspur,1
Mlada Boleslav,West Ham United,1
Dallas,West Ham United,1
Tours FC,West Ham United,1
Brann,Wigan Athletic,1
Artmedia Brat.,West Bromwich Albion,1
AZ Alkmaar,Wigan Athletic,1
Bristol City,Wigan Athletic,1
Portsmouth FC,Real Murcia,1
Heart of Midl.,Wigan Athletic,1
MKS Piaseczno,Wigan Athletic,1
Gwarek Zabrze,Wigan Athletic,1
Portsmouth FC,Westerlo U21,1
Benfica,Newcastle United,1
Blackpool Mechanics,Wigan Athletic,1
Southport,Wigan Athletic,1
B36 Tórshavn,Birmingham City,1
Birmingham City,Espanyol,1
Birmingham City,Birmingham U23,1
Birmingham City,Celtic,1
Birmingham City,Brentford,1
Hapoel Tel Aviv,West Ham United,1
Charlton Athletic,Jomo Cosmos,1
APOEL Nicosia,Chelsea FC,1
Chelsea FC,Stevenage,1
Stade Rennais,Tottenham Hotspur,1
Aberdeen FC,Birmingham City,1
Ankaraspor,Birmingham City,1
AS Roma,Bolton Wanderers,1
Newcastle United,Vålerenga,1
Bohemians,Liverpool FC,1
Crystal Palace,Darlington,1
Crystal Palace,FC Windsor,1
Birmingham City,Halesowen,1
Birmingham City,Bromsgrove,1
Birmingham City,Bray Wanderers,1
Birmingham City,Carlisle United,1
Birmingham City,Juventus,1
Fluminense,Manchester United,1
Manchester United,Petro Luanda,1
Crystal Palace,Perth Glory,1
Chelsea FC,Loko Moscow,1
Audax Italiano,Chelsea FC,1
Crystal Palace,Hertha BSC,1
Bor. M'gladbach,Crystal Palace,1
Crystal Palace,MTK Budapest,1
Bor. M'gladbach,West Bromwich Albion,1
Ajax,Birmingham City,1
Bolton Wanderers,Reading,1
Excelsior,Tottenham Hotspur,1
Derby County,Sligo Rovers,1
Nottm Forest,Portsmouth FC,1
AC Le Havre,Portsmouth FC,1
Parma U19,Portsmouth FC,1
ND Gorica,Portsmouth FC,1
Aalborg BK,Wigan Athletic,1
Coventry,Wigan Athletic,1
Derby County,Preston,1
Bröndby IF,Southampton FC,1
Atlético Madrid,Birmingham City,1
Derby County,Odense BK,1
Birmingham City,Loko Moscow,1
Heart of Midl.,Sunderland AFC,1
Reading,Sunderland AFC,1
Aberdeen FC,Sunderland AFC,1
Levante,Sunderland AFC,1
Larne FC,Sunderland AFC,1
Birmingham City,FC Lahti,1
Birmingham City,Burnley,1
Pau FC,Sunderland AFC,1
Aldershot,Sunderland AFC,1
Saint-Étienne,West Bromwich Albion,1
Career break,West Bromwich Albion,1
AZ Alkmaar,Bolton Wanderers,1
Derby County,Spurs,1
Fulham FC,Tampere United,1
Bröndby IF,Norwich City,1
Everton FC,IFK Göteborg,1
Everton FC,Sturm Graz,1
Feyenoord,Wigan Athletic,1
Derby County,UAG Tecos,1
Derby County,GB Oftasspor,1
Derby County,Everton,1
Derby County,Rangers,1
Derby County,Toronto,1
Bolton Wanderers,Maccabi Netanya,1
Derby County,Notts County,1
Aalborg BK,Sunderland AFC,1
Manchester City,Vålerenga,1
Birmingham City,Everton,1
Birmingham City,Hibernian FC,1
Al-Sadd SC,Birmingham City,1
Manchester City,Radcliffe,1
Manchester City,SC Veendam,1
Hannover 96,Manchester City,1
Fulham FC,Malmö FF,1
Inter,Norwich City,1
Fulham FC,Wizards,1
FC Groningen,Fulham FC,1
Bolton Wanderers,OGC Nice,1
Mlada Boleslav,Reading FC,1
RC Lens B,Reading FC,1
Rotherham,West Bromwich Albion,1
FC Den Bosch,West Bromwich Albion,1
Hednesford,West Bromwich Albion,1
Hertha BSC,West Bromwich Albion,1
Gamba Osaka,West Bromwich Albion,1
Middlesbrough,West Bromwich Albion,1
FC Basel U21,Portsmouth FC,1
BK Frem,Portsmouth FC,1
FC Copenhagen,West Bromwich Albion,1
Heerenveen,Middlesbrough FC,1
Newcastle United,Zalaegerszeg,1
Besiktas,Newcastle United,1
Atalanta U19,Newcastle United,1
Los Angeles,Newcastle United,1
FC Basel,Manchester City,1
Fulham FC,Werder Bremen,1
Heart of Midl.,Portsmouth FC,1
Tottenham Hotspur,Vålerenga,1
Tottenham Hotspur,Werder Bremen,1
Liverpool FC,Sevilla B,1
Bolton Wanderers,Legia Warszawa,1
Bolton Wanderers,Pachuca,1
Bolton Wanderers,WP United,1
Bolton Wanderers,Hércules CF,1
FC Nantes,Reading FC,1
Exc. Mouscron,Liverpool FC,1
Boavista,Reading FC,1
Alavés,Liverpool FC,1
Liverpool FC,Rotherham,1
Liverpool FC,Man Utd Res.,1
Bolton Wanderers,FC Zürich,1
Liverpool FC,UE Lleida,1
Lincoln City,Liverpool FC,1
LASK,Liverpool FC,1
Reading FC,Sunderland,1
Chelsea,Reading FC,1
Leicester,Reading FC,1
Reading FC,Unknown,1
Albacete,Liverpool FC,1
Clermont FA,Everton FC,1
Bolton Wanderers,Goiás EC,1
Bolton Wanderers,G. Bordeaux,1
Marseille,Wigan Athletic,1
Dallas,Middlesbrough FC,1
Liverpool FC,MTK Budapest,1
Lanús,Liverpool FC,1
Liverpool FC,Olymp. Lyon B,1
Levski Sofia,Liverpool FC,1
Manchester City,Standard Liège,1
Liverpool FC,Real Betis,1
Hertha BSC,Manchester City,1
Middlesbrough FC,PSV Eindhoven,1
Arsenal FC,Dinamo Zagreb,1
Arsenal FC,Figueirense U17,1
Bolton Wanderers,Rosenborg,1
AS Roma,Middlesbrough FC,1
Bay. Leverkusen,Middlesbrough FC,1
Leeds U18,Tottenham Hotspur,1
Avellino,Tottenham Hotspur,1
Bolton Wanderers,Tigres UANL,1
Bolton Wanderers,SC Bastia,1
1. FC Köln,Everton FC,1
Everton FC,Waterford Utd,1
Bolton Wanderers,Udinese,1
Dinamo Zagreb,Everton FC,1
Everton FC,Nacional,1
Everton FC,FC Porto,1
Norwich City,Stockport,1
Brisbane Roar,Newcastle United,1
Dinamo Zagreb,Manchester City,1
AC Le Havre,Chelsea FC,1
Crystal Palace,RAEC Mons,1
Stockport,West Bromwich Albion,1
Thór,West Bromwich Albion,1
Cruzeiro,Manchester City,1
Burton Albion,West Bromwich Albion,1
SC Bastia,West Bromwich Albion,1
G. Bordeaux,West Ham United,1
Portsmouth FC,Udinese,1
Everton FC,IK Start,1
Leek Town FC,Manchester City,1
Bor. M'gladbach,Fulham FC,1
Fenerbahce,Manchester City,1
Blackburn Rovers,MetroStars,1
Fulham FC,Skoda Xanthi,1
Blackburn Rovers,D.C. United,1
Sparta R.,Wigan Athletic,1
Blackburn Rovers,KRC Genk,1
Chelsea FC,W. Burghausen,1
Catanzaro,Chelsea FC,1
Newcastle United,Villarreal,1
Los Angeles,Middlesbrough FC,1
Everton FC,Udinese,1
Portsmouth FC,RC Lens B,1
Marítimo,Portsmouth FC,1
Olympiacos,Portsmouth FC,1
Bursaspor,Portsmouth FC,1
Crawley Town,Portsmouth FC,1
Everton FC,Inter,1
CA Osasuna,Manchester United,1
Bayern Munich,Blackburn Rovers,1
Blackburn Rovers,NAC Breda,1
BK Frem,Blackburn Rovers,1
Arsenal FC,Atalanta U19,1
Aston Villa,FC Wil 1900,1
Aston Villa,Tar Heels,1
Aston Villa,Qatar SC,1
Aston Villa,Falkirk,1
El Ahly,Middlesbrough FC,1
Fenerbahce,Middlesbrough FC,1
Middlesbrough FC,Newcastle,1
CSKA Moscow,Manchester United,1
Home Farm,Leeds United,1
Burnley,Hull City,1
Aberdeen FC,Bradford City,1
Bradford City,Without Club,1
Bradford City,Cambridge Utd.,1
Bradford City,CF Estrela,1
Chelsea FC,NK Zadar,1
Chelsea FC,O'Higgins,1
Bradford City,Rochdale,1
Chelsea FC,Doncaster,1
Chelsea FC,Energie Cottbus,1
Bradford City,Dundee United,1
Aston Villa,Bradford City,1
Manchester City,TPS,1
Bradford City,Leicester,1
Austria Vienna,Leeds United,1
Chelsea U18,Leeds United,1
Arsenal FC,Club Brugge,1
Arsenal FC,Needham,1
Leeds United,Parra. Power,1
Celtic,Leeds United,1
Corinthians,Tottenham Hotspur,1
Tottenham Hotspur,Toulouse,1
Bradford City,Retired,1
Cork City,Leicester City,1
Derby County,Ternana,1
Al-Gharafa SC,Queens Park Rangers,1
Coventry City,Portadown,1
Coventry City,Middlesbrough,1
Hamburger SV,Wigan Athletic,1
Kansas City,Wigan Athletic,1
Atlético Madrid,Wigan Athletic,1
US Palermo,Wigan Athletic,1
FC United,Wigan Athletic,1
Anzhi,Queens Park Rangers,1
Chunnam Dragons,Queens Park Rangers,1
Queens Park Rangers,US Palermo,1
Boca Juniors,Leicester City,1
Carrick Rangers,Queens Park Rangers,1
Middlesbrough,Queens Park Rangers,1
Bursaspor,Queens Park Rangers,1
Arsenal U18,Coventry City,1
Reading FC,Sporting CP,1
Coventry City,Norwich,1
AEK Athens,Leicester City,1
KR Reykjavík,Reading FC,1
Reading FC,Shamrock Rovers,1
Tottenham Hotspur,Twente FC,1
Derby County,Racing Club,1
Manchester City,Pescara,1
Derry City,Sheffield Wednesday,1
Lillestrøm,Watford FC,1
Norwich City,Sporting CP,1
Celtic,Norwich City,1
Norwich City,Twente FC,1
Bradford City,Southend United,1
Galatasaray,Norwich City,1
Bradford City,Torquay,1
Norwich City,Norwich U21,1
Bradford City,Sheff Utd,1
Chicago,Sheffield Wednesday,1
Stockport,West Ham United,1
E. Braunschweig,Norwich City,1
Dnipro,Fulham FC,1
Athletic,Fulham FC,1
Fulham FC,Sydney FC,1
PSV Eindhoven,Stoke City,1
Stoke City,Werder Bremen,1
Barcelona B,Stoke City,1
Everton U18,Stoke City,1
CSKA Sofia,Stoke City,1
Bolton,Watford FC,1
Real Betis,West Ham United,1
Derby County,KRC Genk,1
West Brom U21,West Bromwich Albion,1
Everton FC,KS Samara,1
Liverpool FC,Shrewsbury,1
Al-Nasr,Tottenham Hotspur,1
Pistoiese,Tottenham Hotspur,1
Liverpool FC,Newport County,1
PAOK Salonika,Sunderland AFC,1
Leeds United,Stockport,1
Juventus,West Bromwich Albion,1
Aston Villa,Chester City,1
Drnovice,Middlesbrough FC,1
Paris SG,Watford FC,1
Swansea City,Vitesse,1
Coventry City,Sheff Utd,1
Coventry City,Reggiana,1
Coventry City,IFK Hässleholm,1
Coventry City,FBC Melgar,1
Coventry City,Dep. La Coruña,1
Elazigspor,Swansea City,1
Bristol City,Watford FC,1
AC Le Havre,Watford FC,1
Dallas,Stoke City,1
Colchester Utd.,Coventry City,1
Newcastle United,Vélez Sarsfield,1
Manchester City,Milan,1
Perth SC,Southampton FC,1
Southampton FC,TeBe Berlin,1
Blackburn,Stoke City,1
Houston,Stoke City,1
Manchester City,St. Johnstone,1
Dunfermline A.,Manchester City,1
RCD Mallorca,Wigan Athletic,1
Levante,Wigan Athletic,1
Aberdeen FC,Wigan Athletic,1
Real Murcia,Sunderland AFC,1
Campomaiorense,Southampton FC,1
Colorado,Wigan Athletic,1
M. Tel Aviv,Wigan Athletic,1
Queens Park Rangers,Real Madrid,1
Sunderland AFC,Wimbledon FC,1
Inter,Queens Park Rangers,1
Colorado,Sunderland AFC,1
First Vienna FC,Sunderland AFC,1
Harrow Borough,Queens Park Rangers,1
KV Mechelen,Sunderland AFC,1
Mansfield Town,Southampton FC,1
Norwich City,Rangers U20,1
Colchester Utd.,Newcastle United,1
Everton FC,M. Petah Tikva,1
Derby County,South Melbourne,1
Bologna,Southampton FC,1
Burnley,Southampton FC,1
BSC Young Boys,Southampton FC,1
Southampton FC,VVV-Venlo,1
Derby County,Rosenborg,1
Altrincham,Everton FC,1
Bray Wanderers,Everton FC,1
RCD Mallorca,Tottenham Hotspur,1
Heerenveen,Liverpool FC,1
KV Mechelen,Southampton FC,1
Everton FC,Hamburger SV,1
Liverpool FC,Montpellier,1
Fiorentina,Liverpool FC,1
Liverpool FC,Newell's,1
East Fife,Tottenham Hotspur,1
Dundalk FC,Everton FC,1
Everton FC,New York RB,1
Norwich City,Stade Rennais,1
Norwich City,Rangers,1
Slo. Bratislava,Sunderland AFC,1
Reading FC,Watford,1
Man City,Reading FC,1
Criciúma EC,Middlesbrough FC,1
AS Nancy,Newcastle United,1
Chelsea FC,Frankfurt U17,1
Newcastle United,Toulouse,1
Newcastle United,Servette FC,1
Córdoba CF,Newcastle United,1
Chelsea FC,Dep. La Coruña,1
Aston Villa,Clermont Foot,1
Aston Villa,Stoke U21,1
Middlesbrough FC,Shamrock Rovers,1
Portland,West Ham United,1
Newcastle,Reading FC,1
Fiorentina,Middlesbrough FC,1
Bursaspor,Sunderland AFC,1
Ipswich Town,Toulouse,1
Motherwell FC,Sunderland AFC,1
Go Ahead Eagles,Ipswich Town,1
Ajax U19,Ipswich Town,1
Ajax U18,Ipswich Town,1
Catuense,Newcastle United,1
Botafogo-SP,Liverpool FC,1
Aston Villa,Siirt Jetpa,1
Aston Villa,FC Bayern U19,1
Arsenal FC,RCD Mallorca,1
Arsenal FC,Skonto,1
Bray Wanderers,Reading FC,1
Charlton Athletic,KRC Harelbeke,1
Reading FC,SH Shenhua,1
Charlton Athletic,Dorchester,1
Reading FC,Sheff Wed,1
FC Sion,Reading FC,1
Oxford City,Reading FC,1
Barnsley FC,Reading FC,1
Charlton Athletic,Piroozi FC,1
Reading FC,Retired,1
Charlton Athletic,Lovech,1
AS Nancy,West Ham United,1
Padova,West Ham United,1
Walton & Hersham FC,West Ham United,1
Arsenal FC,San Lorenzo,1
Arsenal FC,KB (FCK II),1
Arsenal FC,Nîmes Olympique,1
Crawley Town,Swansea City,1
Arsenal FC,Lausanne-Sport,1
Burton Albion,Stoke City,1
Rochdale,Stoke City,1
Everton FC,San Jose,1
Bradford City,Bradford U18,1
Walsall,Watford FC,1
St Albans City,Watford FC,1
Cardiff City,Rio Ave FC,1
Vorwärts Steyr,Watford FC,1
Chesterfield FC,Watford FC,1
Watford FC,Weston-super-M.,1
Bradford City,Notts County,1
Bradford City,QPR,1
Bournemouth,Bradford City,1
Arsenal FC,VfL Wolfsburg,1
Leicester City,Rayo Vallecano,1
Arsenal FC,Swansea,1
Bradford City,Charlton,1
Aston Villa,Elche CF,1
Charlton,Sheffield Wednesday,1
AS Livorno,Sheffield Wednesday,1
Central United,Sheffield Wednesday,1
Burnley FC,Hull City,1
OFK Beograd,Sheffield Wednesday,1
Bradford,Sheffield Wednesday,1
FC Ashdod,Watford FC,1
Cardiff City,Heerenveen,1
Coventry City,Lillestrøm,1
Doncaster,Wimbledon FC,1
Oxford United,Wimbledon FC,1
Fenerbahce,Norwich City,1
Tampere United,Wimbledon FC,1
Fulham FC,Olympiacos,1
Kingstonian FC,Wimbledon FC,1
Fulham FC,Valencia,1
Fulham FC,Monaco,1
New England,Stoke City,1
Dundalk FC,Wimbledon FC,1
Aldershot,Wimbledon FC,1
AIK,Leicester City,1
Southampton FC,Urawa Reds,1
Grasshoppers,Wimbledon FC,1
Spurs,Wimbledon FC,1
Internacional,Sunderland AFC,1
Sunderland AFC,UD Almería,1
FK Lyn,Wimbledon FC,1
E. Frankfurt,Wimbledon FC,1
H. Petah Tikva,Wimbledon FC,1
Stabæk Fotball,Wimbledon FC,1
Burnley FC,West Ham,1
Blackpool,Burnley FC,1
Sheffield Wednesday,Unknown,1
Derby County,Scarborough Athletic,1
Blackburn Rovers,Lazio,1
Blackburn Rovers,St. Mirren FC U17,1
Alavés,Tottenham Hotspur,1
Istanbulspor,Liverpool FC,1
Crystal Palace,Sampdoria,1
Liverpool FC,Stade Lavallois,1
Everton FC,Ferencváros,1
Liverpool FC,Salernitana,1
Derby County,Derry City,1
Everton FC,Lierse SK,1
Ajax,Sheffield Wednesday,1
Derby County,Middlesbrough,1
Hull City,US Palermo,1
Hull City,Norwich,1
Career break,Leeds United,1
Cork City,Hull City,1
F. Invicta,Hull City,1
Aston Villa,Benfica,1
Aston Villa,TPS,1
Aalborg BK,Wimbledon FC,1
Crystal Palace,Spurs,1
Marseille,Southampton FC,1
Eendracht Aalst,Southampton FC,1
Charlton Athletic,Sheff Utd,1
Burnley FC,Career break,1
Chelsea FC,Lincoln United,1
Chelsea FC,Vicenza,1
Croatia Zagreb,Sheffield Wednesday,1
Sheffield Wednesday,West Ham,1
Burnley FC,Shelbourne,1
Burnley FC,Hyde FC,1
Bournemouth,Burnley FC,1
Burnley FC,Havant & Water.,1
Burnley FC,Guisborough,1
Banik Ostrava,Sheffield Wednesday,1
Sheffield Wednesday,St. Johnstone,1
Chelsea FC,Hajduk Split,1
Chelsea FC,Galatasaray,1
Sheffield Wednesday,York City,1
GNFC,West Ham United,1
Chelsea FC,New York City,1
Chelsea FC,Getafe CF B,1
Benfica,Charlton Athletic,1
Rayo Vallecano,West Ham United,1
Coventry City,FC Porto,1
AS Roma,Southampton FC,1
Sport Boys,Sunderland AFC,1
KSK Beveren,Southampton FC,1
Cardiff City,Spurs,1
Farense,Southampton FC,1
Cardiff City,West Brom,1
Cardiff City,Stade Rennais,1
Cardiff City,Derby,1
Cardiff City,Cardiff U18,1
Esbjerg fB,Sunderland AFC,1
Kilkenny City,Sunderland AFC,1
Albacete,Sunderland AFC,1
Aldershot,Southampton FC,1
Cliftonville,Sunderland AFC,1
Cardiff City,Llanelli,1
Brackley,Cardiff City,1
AO Episkopi,Cardiff City,1
Lyngby BK,Sunderland AFC,1
Sunderland AFC,Valencia,1
Cardiff City,Career break,1
Trelleborg,West Ham United,1
Hull City,Évian,1
Genoa,Southampton FC,1
Tottenham Hotspur,Vitesse,1
Anzhi,West Ham United,1
Cambridge Utd.,Liverpool FC,1
Olympique Lyon,Southampton FC,1
Everton FC,PSV Eindhoven,1
Chelmsford,Southampton FC,1
Carlisle United,Southampton FC,1
FC Utrecht,Southampton FC,1
Aston Villa,Lazio,1
Aston Villa,Nordsjaelland,1
Aston Villa,Lech Poznan,1
Aston Villa,Sevilla FC,1
Aston Villa,FC Groningen,1
Marítimo,Sunderland AFC,1
Al-Nasr,Aston Villa,1
Liverpool FC,Willem II,1
Liverpool FC,Vitesse,1
Grazer AK,Tottenham Hotspur,1
AZ Alkmaar,Sunderland AFC,1
Juventus,Sunderland AFC,1
Cambridge Utd.,Tottenham Hotspur,1
Le Mans UC 72,Tottenham Hotspur,1
Le Havre B,Sunderland AFC,1
Besiktas,Hull City,1
Dulwich Hamlet,Hull City,1
Charlton U18,West Ham United,1
Cerro Porteño,Newcastle United,1
Newcastle United,RSC Charleroi,1
Newcastle United,PAOK Salonika,1
Cruz Azul Hid.,Crystal Palace,1
AIK,Newcastle United,1
Manchester City,Olympiacos,1
Chelsea FC,FC Basel,1
Celtic Boys Club,Newcastle United,1
Crystal Palace,Newcastle United,1
Chelsea FC,KV Mechelen,1
AC Venezia 1907,Manchester United,1
Benfica,Leeds United,1
Ayr United,Coventry City,1
Cosenza,Coventry City,1
Coventry City,Nuneaton,1
Coventry City,Wrexham,1
Coventry City,Havant & Water.,1
Malmö FF,West Bromwich Albion,1
Coventry City,Hartlepool,1
Club Brugge,Coventry City,1
Coventry City,Grimsby Town,1
Crystal Palace,Monarcas Morelia,1
MSV Duisburg,Newcastle United,1
Middlesbrough FC,Milan,1
Hearts FC U20,Middlesbrough FC,1
Leeds United,St. Pat's,1
Atlético Madrid,Leeds United,1
Leeds United,Sogndal IL,1
Hull City,Northampton,1
Dundalk FC,Hull City,1
Hull City,Luton,1
Leeds United,Sunderland,1
Hull City,Unknown,1
Chesterfield FC,Hull City,1
1860 Munich,Arsenal FC,1
Crystal Palace,Sevilla FC,1
Arsenal FC,Dynamo Kyiv,1
Brighton,Crystal Palace,1
Middlesbrough FC,River Plate,1
Crystal Palace,Syrianska FC,1
FC Luzern,Middlesbrough FC,1
Crystal Palace,Rangers,1
Crystal Palace,G. Bordeaux,1
Crystal Palace,Racing CFF,1
Brescia,Manchester City,1
Derby County,LOSC Lille,1
Newcastle United,Poli Ejido,1
Derby County,FC Luzern,1
Arsenal FC,Chukyo HS,1
Arsenal FC,Austria Vienna,1
AS Livorno,Arsenal FC,1
Arsenal FC,Espanyol,1
Dulwich Hamlet,West Ham United,1
Bolton Wanderers,Gretna,1
AEK Athens,Birmingham City,1
Arsenal FC,Djurgården,1
Arsenal FC,Atlético-MG,1
Real Zaragoza,Sunderland AFC,1
Le Havre U19,Liverpool FC,1
Blackburn Rovers,Newell's,1
Derby County,G. Bordeaux,1
Barcelona B,Blackburn Rovers,1
Everton FC,Stabæk Fotball,1
Banik Ostrava,Liverpool FC,1
Southampton FC,Unterhaching,1
Southampton FC,Stade Rennais,1
Atromitos Athen,Liverpool FC,1
Excelsior,Liverpool FC,1
CS Sedan,Liverpool FC,1
Farum BK,Liverpool FC,1
Necaxa,Southampton FC,1
Aalesund,Manchester United,1
Aston Villa,Heerenveen,1
Blackpool FC,Cardiff,1
Blackpool FC,Doncaster,1
Kilmarnock FC,Wigan Athletic,1
Dep. La Coruña,Wigan Athletic,1
Dag & Red FC,West Ham United,1
AJ Auxerre B,West Ham United,1
Chelsea FC,Ciudad Murcia,1
GZ Evergrande,Wigan Athletic,1
Oldham Athletic,West Bromwich Albion,1
Al-Rayyan SC,Manchester United,1
Gretna FC,Newcastle United,1
Swansea,West Bromwich Albion,1
Elfsborg,Fulham FC,1
Aberdeen FC,Fulham FC,1
Fulham FC,Vålerenga,1
Exeter City,Newcastle United,1
Dundee FC,Wolverhampton Wanderers,1
Standard Liège,Wolverhampton Wanderers,1
AC Merlan Lome,Manchester United,1
Everton FC,Iraklis,1
Arsenal FC,Saprissa,1
Bradford City,Newcastle,1
Ipswich Town,Without Club,1
Aston Villa,Queens Park Rangers,1
1.FC K'lautern,Bolton Wanderers,1
Charlton Athletic,Zalaegerszeg,1
Charlton Athletic,Nottm Forest,1
Lumezzane,Queens Park Rangers,1
Arsenal FC,Racing Ferrol,1
ASEC Mimosas,Arsenal FC,1
Arsenal FC,Iraklis,1
Leeds United,Portadown,1
North Greenford,Queens Park Rangers,1
Arsenal,Queens Park Rangers,1
Histon FC,Queens Park Rangers,1
Queens Park Rangers,Stockport,1
Oldham Athletic,Queens Park Rangers,1
Anagen.Derynias,Queens Park Rangers,1
Ipswich Town,Newry City,1
Cardiff,Ipswich Town,1
UD Almería,Wigan Athletic,1
R. Strasbourg B,Wigan Athletic,1
Bury FC U18,Wigan Athletic,1
Queens Park Rangers,Sunderland,1
Bolton Wanderers,Hamburger SV,1
Arsenal FC,Chesterfield FC,1
Newcastle United,RC Lens B,1
AC Venezia 1907,Sunderland AFC,1
Barcelona B,Chelsea FC,1
Chelsea FC,Chivas,1
AC Parma,Sunderland AFC,1
Chelsea FC,Parma,1
Bolton Wanderers,Silverbacks,1
Bolton Wanderers,Cerezo Osaka,1
Bolton Wanderers,Nottm Forest,1
Newcastle United,Stade Rennais,1
Ashington AFC,Newcastle United,1
Dijon,West Bromwich Albion,1
Fulham FC,US Palermo,1
Fulham FC,Slovan Liberec,1
FC Porto,Fulham FC,1
Fulham FC,Rákospalota,1
Eskisehirspor,Fulham FC,1
Bolton Wanderers,Dallas,1
West Brom Res.,West Bromwich Albion,1
Bursaspor,West Bromwich Albion,1
Trabzonspor,West Bromwich Albion,1
Aston Villa,De Graafschap,1
Blackpool FC,Nîmes Olympique,1
Blackpool FC,Sunderland,1
Monaco,Stoke City,1
Akademisk BK,Manchester City,1
G. Bordeaux,Manchester City,1
Bohemians,Wolverhampton Wanderers,1
Independiente,Manchester City,1
Airbus UK,Wolverhampton Wanderers,1
Notts County,Sunderland AFC,1
Al-Ittihad,Sunderland AFC,1
Bolton Wanderers,FC Midtjylland,1
Bolton Wanderers,Cannes,1
Everton,Stoke City,1
FC Volendam,Manchester City,1
Bolton Wanderers,Spurs,1
Everton FC,Rayo Vallecano,1
Everton FC,Liaoning FC,1
Arsenal FC,Shakhtar D.,1
Charlton Athletic,Margate FC,1
Charlton Athletic,Man Utd Res.,1
Dundee FC,Fulham FC,1
UNAM Pumas,West Ham United,1
FC Midtjylland,West Ham United,1
AC Le Havre,Manchester City,1
Coventry,West Bromwich Albion,1
Blackpool FC,Zenit S-Pb,1
Birmingham City,Guingamp,1
RB Salzburg,West Bromwich Albion,1
Loko Moscow,West Bromwich Albion,1
Djurgården,Liverpool FC,1
Arsenal FC,Lens,1
Vancouver,West Bromwich Albion,1
Levski Sofia,West Bromwich Albion,1
Metalurg D.,West Bromwich Albion,1
Birmingham City,CS Sedan,1
Birmingham City,Northampton,1
Birmingham City,Bolton,1
Newcastle United,Roma U19,1
AZ Alkmaar,Fulham FC,1
Benfica,Fulham FC,1
Apol. Limassol,Fulham FC,1
Dulwich Hamlet,Fulham FC,1
Birmingham City,Wimbledon FC,1
Birmingham City,Paris SG,1
Glentoran,West Bromwich Albion,1
West Bromwich Albion,Willem II,1
Newcastle United,Racing,1
MVV Maastricht,West Ham United,1
Internacional,West Ham United,1
FC Dender,West Ham United,1
Blackburn Rovers,Forest Green,1
FC National,Southampton FC,1
Galatasaray,Sunderland AFC,1
Ajax,Sunderland AFC,1
Manchester City,SC Accra,1
Southampton FC,Viborg FF,1
Manchester City,UCD,1
Heart of Midl.,Southampton FC,1
Southampton FC,Troyes,1
Blackburn Rovers,K'lautern II,1
R. Strasbourg,Tottenham Hotspur,1
AC Parma,Fulham FC,1
Internacional,Tottenham Hotspur,1
Tottenham Hotspur,Villarreal CF B,1
Exc. Mouscron,Tottenham Hotspur,1
Tottenham Hotspur,Treviso,1
Liverpool FC,Standard Liège,1
Aston Villa,Glenavon,1
Cesena,Liverpool FC,1
Fulham Res.,Liverpool FC,1
Everton FC,Legia Warszawa,1
Empoli,Middlesbrough FC,1
Middlesbrough FC,Sligo Rovers,1
Independiente,Middlesbrough FC,1
Chelsea U18,Sunderland AFC,1
Bolton Wanderers,RM Castilla,1
Bolton Wanderers,Panionios,1
Alavés,Fulham FC,1
Birmingham City,Man Utd,1
Birmingham City,Valencia,1
América,Birmingham City,1
Barcelona,Birmingham City,1
Birmingham City,Spartak Moscow,1
Birmingham City,Olympiacos,1
Birmingham City,NAC Breda,1
Birmingham City,Exeter City,1
Atromitos Athen,Birmingham City,1
Fulham FC,Gimnasia,1
Como,Middlesbrough FC,1
Heart of Midl.,Middlesbrough FC,1
Sint-Truiden,Sunderland AFC,1
Middlesbrough FC,Spennymoor United,1
Amiens SC,Middlesbrough FC,1
CD Cruz Azul,Sunderland AFC,1
Real Betis,Wigan Athletic,1
Grasshoppers,Wigan Athletic,1
Millwall,Norwich City,1
Bury,Liverpool FC,1
Celtic,Swansea City,1
KV Mechelen,West Ham United,1
Genoa,Swansea City,1
Levski Sofia,West Ham United,1
Derby County,Lyngby BK,1
Derby County,PAOK Salonika,1
Preston,Swansea City,1
Derby County,Marseille,1
Hamburger SV,Liverpool FC,1
Carmarthen,Swansea City,1
Hajduk Split,West Ham United,1
Swansea City,Swindon Town,1
Dinamo Zagreb,Liverpool FC,1
Manchester City,Miami Fusion,1
Manchester United,U. de Chile,1
Manchester City,Saarbrücken,1
Sunderland AFC,Troyes,1
Racing Club,West Bromwich Albion,1
Charlton Athletic,FC Zürich,1
Pro Patria,West Ham United,1
Swansea City,Valencia,1
Chelsea FC,Lens,1
Hartlepool,Ipswich Town,1
Chelmsford,Fulham FC,1
Molde,Newcastle United,1
Chelsea FC,São Paulo,1
Chelsea FC,Standard U19,1
Ipswich Town,RCD Mallorca,1
Ipswich Town,Sampdoria,1
Argentinos Jrs.,Newcastle United,1
Arsenal FC,B. Dortmund U19,1
Bradford PA,Newcastle United,1
Newcastle United,Wolves FC,1
AS Nancy,Fulham FC,1
Chelsea FC,Internacional,1
Bolton Wanderers,New York RB,1
Manchester United,West Ham U18,1
Manchester City,Panetolikos,1
CA San Telmo,Leicester City,1
Anzhi,Blackburn Rovers,1
Leicester City,Shepshed Dynamo,1
Cambridge City,Leicester City,1
Glentoran,Leicester City,1
Leicester City,Scarborough Athletic,1
Lovech,West Ham United,1
Hamburger SV,West Bromwich Albion,1
Asteras Tripoli,West Bromwich Albion,1
Bradford City,Southampton,1
Bristol Rovers,Newcastle United,1
Newcastle United,Racing Club,1
Newcastle United,U. de Chile,1
Aston Villa,Crewe Alexandra,1
AZ Alkmaar,Aston Villa,1
Manchester United,Reggina,1
Career break,Leicester City,1
FC Sochaux,West Ham United,1
Altrincham,Leicester City,1
Real Zaragoza,West Ham United,1
Fulham FC,Panathinaikos,1
Elazigspor,West Ham United,1
BFC Siófok,West Ham United,1
Eskisehirspor,West Ham United,1
CD Cruz Azul,West Ham United,1
Bradford City,Real Oviedo,1
Barnsley FC,Bradford City,1
Bradford City,Middlesbrough,1
Bradford City,Crystal Palace,1
Red Star FC,Sunderland AFC,1
Ipswich Town,Sunderland,1
Arsenal FC,Dag & Red FC,1
Arsenal FC,Atlético-PR,1
Ipswich Town,Middlesbrough,1
Fulham FC,Hamburger SV,1
Al-Hilal SFC,Arsenal FC,1
Fortuna Sittard,Fulham FC,1
Fulham FC,KAA Gent,1
Ajax U21,Fulham FC,1
Coimbra,Fulham FC,1
AEL Limassol,Fulham FC,1
Aston Villa,River Plate,1
Chelsea FC,Piacenza,1
Melbourne Heart,Newcastle United,1
Newcastle United,Stade Reims,1
Chelsea FC,Mansfield Town,1
Ipswich Town,Sheff Utd,1
Barnet,Ipswich Town,1
Blyth Spartans,Newcastle United,1
Newcastle United,Roda JC,1
Ipswich Town,Nottm Forest,1
1. FC Köln,Arsenal FC,1
Arsenal FC,Montpellier,1
Aalborg BK,Ipswich Town,1
Newcastle United,SC Freiburg,1
FC Lorient,Ipswich Town,1
Blackburn Rovers,Dnipro,1
Brescello,Tottenham Hotspur,1
Levante,Liverpool FC,1
Blackburn Rovers,Portadown,1
Liverpool FC,Évian,1
Blackburn Rovers,Clyde FC,1
Blackburn Rovers,Partizan,1
Blackburn Rovers,Sporting CP,1
Blackburn Rovers,Ternana,1
Hartley Wintney,Southampton FC,1
Blackburn Rovers,Gold Coast Utd.,1
AEK Athens,Stoke City,1
Blackburn Rovers,Sydney FC,1
Blackburn Rovers,Kayserispor,1
Ossett Town,Southampton FC,1
Cambridge Utd.,Southampton FC,1
Elfsborg,Southampton FC,1
Nacional,Sunderland AFC,1
Internacional,Manchester City,1
Cannes,Sunderland AFC,1
Grasshoppers,Sunderland AFC,1
Liverpool FC,Shelbourne,1
Newcastle Town,Stoke City,1
Ipswich Town,York City,1
Derby County,Marseille B,1
Blackburn,Ipswich Town,1
Norwich City,Plymouth,1
Inverness CT,Norwich City,1
Independiente,Manchester United,1
1860 Munich,West Ham United,1
Bristol Rovers,Norwich City,1
Norwich City,Vejle-Kolding,1
Barry,West Ham United,1
Derby County,TNS,1
Derby County,FC Copenhagen,1
Bohemians,Everton FC,1
RB Salzburg,Wolverhampton Wanderers,1
Derby County,Southampton,1
Everton,Wolverhampton Wanderers,1
Telford Utd,Wolverhampton Wanderers,1
FC Sochaux,Wolverhampton Wanderers,1
Derby County,Paris SG,1
Derby County,Troyes,1
Derby County,Lazio,1
Bröndby IF,Everton FC,1
Bolton Wanderers,Yeovil Town,1
Ballymena,Bolton Wanderers,1
Chunnam Dragons,Sunderland AFC,1
Middlesbrough FC,Olympiacos,1
Aston Villa,Cherry Orchard FC,1
Neath,Swansea City,1
Aston Villa,Racing,1
Heart of Midl.,Wolverhampton Wanderers,1
Aldershot,Chelsea FC,1
Cliftonville,Swansea City,1
Chelsea FC,SC Bastia,1
Cesena,Swansea City,1
Dundalk FC,Middlesbrough FC,1
Lazio,Queens Park Rangers,1
Bolton Wanderers,Valur,1
Inter Bratislava,Middlesbrough FC,1
Crystal Palace,Ipswich Town,1
Ipswich Town,Norwich,1
Celta de Vigo,Ipswich Town,1
Lillestrøm,Queens Park Rangers,1
Hannover 96,Manchester United,1
Dundee United,West Bromwich Albion,1
Blackpool,West Bromwich Albion,1
Inter,Ipswich Town,1
Swansea City,Wolves,1
KV Mechelen,Swansea City,1
Bournemouth,Swansea City,1
Derby,Leeds United,1
Bolton Wanderers,Espanyol,1
Bolton Wanderers,Rangers,1
Bishop Auckland,Bolton Wanderers,1
Bolton Wanderers,VfL Wolfsburg,1
Bolton Wanderers,Swansea,1
Bolton Wanderers,Tivoli Gardens FC,1
Blackburn U18,Bolton Wanderers,1
Aston Villa,HBS,1
Charlton Athletic,Hibernian FC,1
Al-Sadd SC,Charlton Athletic,1
FC Utrecht,Swansea City,1
Charlton Athletic,Wimbledon FC,1
Lens,Swansea City,1
RB Salzburg,Swansea City,1
Arsenal FC,Torquay,1
1.FC K'lautern,Arsenal FC,1
Arsenal FC,FC São Paulo B,1
Arsenal FC,Rangers,1
Swansea City,Wycombe,1
Miami,Wolverhampton Wanderers,1
